database_track_id,source_track_id,database_track_name,track_id,artists,name
4656,6VgXbdABd6Jn93tT5OQo6L,جابك الطاري,6VgXbdABd6Jn93tT5OQo6L,['عبدالله ال فروان'],جابك الطاري
4684,1uv1aff3WQJRpRgauvB37F,مع السلامة للي عايز يمشي,1uv1aff3WQJRpRgauvB37F,['أوشا الصغير و عمر حفظي'],مع السلامة للي عايز يمشي
4745,07J0cXe2zkm7NvIBELXfBy,Бiблiотека,07J0cXe2zkm7NvIBELXfBy,['Колос'],Бiблiотека
4955,5cqjXHVSyVz2LP9r6K304N,陪你看星星,5cqjXHVSyVz2LP9r6K304N,['陈子晴'],陪你看星星
5597,5vSNZkeesxul81fmuuZd2n,เพลงที่เพิ่งเขียนจบ (OUR SONG) - เพลงประกอบซีรีส์ แค่เพื่อนครับเพื่อน BAD BUDDY SERIES,5vSNZkeesxul81fmuuZd2n,['นนน กรภัทร์'],เพลงที่เพิ่งเขียนจบ (OUR SONG) - เพลงประกอบซีรีส์ แค่เพื่อนครับเพื่อน BAD BUDDY SERIES
5742,2UYBoHQfheo5OtnjRd9by1,希望の轍,2UYBoHQfheo5OtnjRd9by1,['稲村オーケストラ'],希望の轍
5844,566QkMY1DsFd76WIorqNqG,Когда исчезнет Слово,566QkMY1DsFd76WIorqNqG,['МОТ'],Когда исчезнет Слово
5963,15ikUOToS4kR3AMbgguVLi,記憶邊境,15ikUOToS4kR3AMbgguVLi,['陳惠婷'],記憶邊境
6169,7ikzyfOtSF3Iav7HAGeW4V,葬予規路火烌猶在,7ikzyfOtSF3Iav7HAGeW4V,['珂拉琪'],葬予規路火烌猶在
6178,47evFVOowy67KpHVWWomRT,越界,47evFVOowy67KpHVWWomRT,['李振源'],越界
6334,3uNvdANQioZ21IyExMTRwa,Мне очень жаль,3uNvdANQioZ21IyExMTRwa,['курящих нет'],Мне очень жаль
6391,3kQvyf0lMEpcn0xGWM1blY,我也難過的,3kQvyf0lMEpcn0xGWM1blY,"['吳林峰', '謝芊彤']",我也難過的
6484,1sPu1euMR0UlTMFFWHh4wB,夜行,1sPu1euMR0UlTMFFWHh4wB,['ヨルシカ'],夜行
6492,5gdERhZjshqCGHnCPWJhqM,علي باب السيما - من مسلسل ريفو,5gdERhZjshqCGHnCPWJhqM,['ريفو شو'],علي باب السيما - من مسلسل ريفو
6633,2XTK3wd2kNpQEwTBboIQaq,遇到,2XTK3wd2kNpQEwTBboIQaq,['方雅賢'],遇到
6684,0VczovvOr8bGZYluYpeFKL,Truly,0VczovvOr8bGZYluYpeFKL,['宋楚琳'],Truly
6840,5KchTsXkMzTri0BCXDDcnN,เจ็บละเนาะ,5KchTsXkMzTri0BCXDDcnN,"['เพชร-แตน', 'เอ มหาหิงค์']",เจ็บละเนาะ
6972,1GpbSYjurHKlxhcxCZ1Bqa,从前说,1GpbSYjurHKlxhcxCZ1Bqa,['小阿七'],从前说
7247,4QMUlfeVwnb75F4IfnJdY4,Вина,4QMUlfeVwnb75F4IfnJdY4,['Три дня дождя'],Вина
7687,2TYYKysNZDTFzrm7Mr443o,又到天黑,2TYYKysNZDTFzrm7Mr443o,['告五人'],又到天黑
7944,1jIVULaXnINSJMcEvcrgHt,仗着,1jIVULaXnINSJMcEvcrgHt,['陈壹千'],仗着
8017,1ZYPI5JRIynWkMzPVpdFb5,我不祝福,1ZYPI5JRIynWkMzPVpdFb5,['陶晶瑩'],我不祝福
8673,3Q49Z1JyvTzvQUqPiIdpVu,好想你,3Q49Z1JyvTzvQUqPiIdpVu,['四葉草'],好想你
8860,1rgncjmlpHMP3DBhpagyVb,ギターと孤独と蒼い惑星,1rgncjmlpHMP3DBhpagyVb,['結束バンド'],ギターと孤独と蒼い惑星
8972,006u4CXVO2cusq08RrMElQ,10月無口な君を忘れる,006u4CXVO2cusq08RrMElQ,['あたらよ'],10月無口な君を忘れる
9031,0VGLb6IeeG5ZqonN5EavDu,Рассвет,0VGLb6IeeG5ZqonN5EavDu,['КАКАЯ РАЗНИЦА'],Рассвет
9496,0TKEz3H6quV9NLM1RPK4HL,типичная реперская песня,0TKEz3H6quV9NLM1RPK4HL,['ПОЛМАТЕРИ'],типичная реперская песня
9590,5Ewhi1Y2TzuQ9f1o1LNOqf,歪國人,5Ewhi1Y2TzuQ9f1o1LNOqf,['玖壹壹'],歪國人
9645,2kDMo3vCdzD5p5Z8F0lNiE,مهرجان سور الجدعان,2kDMo3vCdzD5p5Z8F0lNiE,"['حوده بندق', 'محمود معتمد']",مهرجان سور الجدعان
10161,1gaFzwbmybYUZCnX1qTNRw,Холодок,1gaFzwbmybYUZCnX1qTNRw,['Мэвл'],Холодок
10199,1evQauVKOeCfwltO7k0478,或許從來沒有遇見你,1evQauVKOeCfwltO7k0478,['董事長樂團'],或許從來沒有遇見你
10540,7C37yaKPoOJHUvlNYv991q,テレパス,7C37yaKPoOJHUvlNYv991q,['ヨルシカ'],テレパス
10600,2fMulWj1t8Sg10z2DPDQDm,雲の上,2fMulWj1t8Sg10z2DPDQDm,['心之助'],雲の上
10996,0rHa0F12wBYpyAZWlnm9g8,بنة الحسن,0rHa0F12wBYpyAZWlnm9g8,['محمد عبده'],بنة الحسن
11041,0UXXAYRUrknaz6FuaPKtFW,מיכל,0UXXAYRUrknaz6FuaPKtFW,['אליאב זוהר'],מיכל
11238,50GDabMUjaJuscuPxocTCH,等我回家,50GDabMUjaJuscuPxocTCH,['林潔心'],等我回家
11259,06RXsjrMsJs91da6kpWxmI,房間 (電影《超時空同居》插曲),06RXsjrMsJs91da6kpWxmI,['劉瑞琦'],房間 (電影《超時空同居》插曲)
11342,3Feo7e3VZZFN3NPUTNtTlQ,But I,3Feo7e3VZZFN3NPUTNtTlQ,['吳霏'],But I
11364,2Y6uWlyKehgRKbl8ds3Zzn,ودي ارتاح,2Y6uWlyKehgRKbl8ds3Zzn,['بدر العزي'],ودي ارتاح
11435,0qU1xquGo2PZhS75bOCEFt,"мелочь - Из сериала ""Водоворот""",0qU1xquGo2PZhS75bOCEFt,['кис-кис'],"мелочь - Из сериала ""Водоворот"""
11812,3Mgtc8lnO1yuxX8Zq13hjG,Все буде добре,3Mgtc8lnO1yuxX8Zq13hjG,['Вакарчук'],Все буде добре
11847,02Z6xD2aeJjqdzYG4pWQwr,不完美小孩,02Z6xD2aeJjqdzYG4pWQwr,['王俊凱'],不完美小孩
11877,2krFxcsxN36nU4iR50gP5r,群居動物,2krFxcsxN36nU4iR50gP5r,['簡弘亦'],群居動物
11911,7LEQm27FRiq23LeIoYLcBs,It Was May,7LEQm27FRiq23LeIoYLcBs,['柯智棠'],It Was May
12015,6MMGwoXC1LhNh4JPZmHr8U,故事很短,6MMGwoXC1LhNh4JPZmHr8U,['于冬然'],故事很短
12067,6BRWhFOlm3XUXI2NGkiDlp,Влюбилась в друга,6BRWhFOlm3XUXI2NGkiDlp,['Абрикоса'],Влюбилась в друга
12124,6qi83Ret9Yok9PfZWzmdZk,חסר/ה לי ברמות,6qi83Ret9Yok9PfZWzmdZk,"['בנאל בן ציון', 'שירז אברהם']",חסר/ה לי ברמות
12145,6aAWv8sFAh1l1buBTUgTWo,屬於你 - 電影《一周的朋友》插曲,6aAWv8sFAh1l1buBTUgTWo,['理想混蛋'],屬於你 - 電影《一周的朋友》插曲
12148,0UX43UosiXvPC82Gv3WS3P,حنيت لك,0UX43UosiXvPC82Gv3WS3P,['بدر العزي'],حنيت لك
12258,4aqlkDLLgTEdIzd6c93FFh,紅,4aqlkDLLgTEdIzd6c93FFh,['告五人'],紅
12320,7p8JJm7CT2F4k11f1DtNUa,キンモクセイ,7p8JJm7CT2F4k11f1DtNUa,['オレンジスパイニクラブ'],キンモクセイ
12324,4z3eYDNu23ZIUsdgqZENYe,شيلة العيد,4z3eYDNu23ZIUsdgqZENYe,['معاذ الحربي'],شيلة العيد
12469,2AbA0a53nHOdeLsYveGrap,Сепаратіст,2AbA0a53nHOdeLsYveGrap,['Медовий Полин'],Сепаратіст
12484,0k0zcBRE3StKssNhEF86rW,盗作,0k0zcBRE3StKssNhEF86rW,['ヨルシカ'],盗作
12738,1LR9tyaedcM6WOs5wlMmPS,不是我不要,1LR9tyaedcM6WOs5wlMmPS,['廖竟淳'],不是我不要
12794,4tP3JZw4NcKQJitu7F3SCa,Динозаврики,4tP3JZw4NcKQJitu7F3SCa,['Папин Олимпос'],Динозаврики
12854,3KvHDTjvRTONha6ZdiL2gF,Школа,3KvHDTjvRTONha6ZdiL2gF,['Папин Олимпос'],Школа
12901,6ekNzvEmnCPbIdTFjRtw6L,Бібліотека,6ekNzvEmnCPbIdTFjRtw6L,['Колос'],Бібліотека
12974,2z8CpXdUCwzoWVSmvaVDIY,خيبه,2z8CpXdUCwzoWVSmvaVDIY,['غريب ال مخلص'],خيبه
13000,0oBiGj9sbH1waaPg2kBMJt,танцуй,0oBiGj9sbH1waaPg2kBMJt,['кис-кис'],танцуй
13026,04c3lDFrcmBuZ3r8m1t3yA,Маша,04c3lDFrcmBuZ3r8m1t3yA,['СЕРЕГА ПИРАТ'],Маша
13240,0RRT94g1fduf5thBol6fYW,愛過你有多久就有多痛,0RRT94g1fduf5thBol6fYW,['蕭秉治'],愛過你有多久就有多痛
13287,3aW3bTfDp3XaEhR1PJRmxf,سحابة حلمنا,3aW3bTfDp3XaEhR1PJRmxf,['الياس السته'],سحابة حلمنا
13334,0Skysxjeqdg5tbS0Dxqcr4,天地,0Skysxjeqdg5tbS0Dxqcr4,['吴亦凡'],天地
13388,3X1QYnNKlvr0stA49SnNh6,再活一遍 (HIStory3《那一天》片頭曲),3X1QYnNKlvr0stA49SnNh6,['蕭秉治'],再活一遍 (HIStory3《那一天》片頭曲)
13527,4CLQRHj24bq6QVR0Fkmg1u,זאת שמעל לכל המצופה,4CLQRHj24bq6QVR0Fkmg1u,"['נופיה ידידיה', 'הכוכב הבא']",זאת שמעל לכל המצופה
13536,3QCAlpFtKHG9boarQDZnar,Морозы,3QCAlpFtKHG9boarQDZnar,['Мосты'],Морозы
13584,1xASDcZcb869OkSu86Wbw8,кладбище,1xASDcZcb869OkSu86Wbw8,['вышел покурить'],кладбище
13586,39GAzyZ1iTRDytx3r21kOe,I Am Here,39GAzyZ1iTRDytx3r21kOe,"['「四分衛」樂團主唱阿山', '「董事長」樂團主唱阿吉', '罕病兒林易']",I Am Here
13934,1HtdC3su8vvBFIu3sj6ab0,再一次就好 - 遊戲《記憶的怪物-命運的抉擇-》宣傳曲,1HtdC3su8vvBFIu3sj6ab0,['理想混蛋'],再一次就好 - 遊戲《記憶的怪物-命運的抉擇-》宣傳曲
14258,0pyDBJEGh4vtREyHaAhxUf,حلوة حياتي معاه,0pyDBJEGh4vtREyHaAhxUf,['عبدالله ناصر'],حلوة حياتي معاه
14316,1VIXmzlTN3HSIbwCQQaCl8,進め!そっちだ!,1VIXmzlTN3HSIbwCQQaCl8,['和ぬか'],進め!そっちだ!
14361,4ToP37LcKXf9NcRhRKSyDI,غلطة أيامي,4ToP37LcKXf9NcRhRKSyDI,['دحام العبيوي'],غلطة أيامي
14478,0nQABya2sbJNd6wgQZIZKN,На обратной стороне земли,0nQABya2sbJNd6wgQZIZKN,['Дора'],На обратной стороне земли
14788,1jJxnbKfc2AMz8uPeQQUaY,цього вартує кохання,1jJxnbKfc2AMz8uPeQQUaY,['Ігор Кайдаш'],цього вартує кохання
14847,5H2m6hz1IXedoMNR76gmPl,Abo Ahmed (Brazille Production) - Remix,5H2m6hz1IXedoMNR76gmPl,['برازيلي برودكشن'],Abo Ahmed (Brazille Production) - Remix
15055,5QQyJc2UfaRgEQ6oefVXzJ,曾经你说,5QQyJc2UfaRgEQ6oefVXzJ,['赵乃吉'],曾经你说
15138,4jkq9bTWSn4phpLK9B5DhO,Август - это ты,4jkq9bTWSn4phpLK9B5DhO,['МОТ'],Август - это ты
15161,5BWfnlk7m9paWaV22NbrX4,愛不愛都寂寞,5BWfnlk7m9paWaV22NbrX4,['任容萱'],愛不愛都寂寞
15316,0qYh1XgDjHolEc99GJnUqE,หลับตา,0qYh1XgDjHolEc99GJnUqE,['เล็ก พงษธร'],หลับตา
15325,2urzYCyon3tncXk26kpMYo,再見煙火,2urzYCyon3tncXk26kpMYo,['卓義峯'],再見煙火
15519,7GgC7Q75GhhH6a7POtWNiY,Никогда,7GgC7Q75GhhH6a7POtWNiY,['Руслан Утюг'],Никогда
15685,5cFJjA5hTPreFyfTfzejSk,Reset,5cFJjA5hTPreFyfTfzejSk,['理想混蛋'],Reset
15804,6n0rmCVUHJs7gERNwjcIjW,แด่ศาลที่เคารพ,6n0rmCVUHJs7gERNwjcIjW,['น้อย พรู'],แด่ศาลที่เคารพ
15859,2Y8ASbA7bbOMp3PpKRcu54,行星,2Y8ASbA7bbOMp3PpKRcu54,['理想混蛋'],行星
15941,3lHa9mpzoiO1E0cVnpV0FH,"改變 - Refine,the concert Live",3lHa9mpzoiO1E0cVnpV0FH,['安溥'],"改變 - Refine,the concert Live"
16145,1OHcMKXXWpS2j49Q6VSbWL,عبدالله ال فروان أجمل غرامي,1OHcMKXXWpS2j49Q6VSbWL,['شيلات'],عبدالله ال فروان أجمل غرامي
16514,1tkVLH17qwuisyRIVgBhSO,Девочка в классе,1tkVLH17qwuisyRIVgBhSO,['Джизус'],Девочка в классе
16568,4l8BOVzWbksNs7fqYzmO9g,愛多少 早知道,4l8BOVzWbksNs7fqYzmO9g,['殷悅'],愛多少 早知道
16857,4H15QMzixtVgXvaLPzXN3V,Демоны,4H15QMzixtVgXvaLPzXN3V,['Три дня дождя'],Демоны
16889,7DUPgXQK4NvmRrPFlVhfx2,ريموت التلفيزيون - امسكو وانا هعمل اعمى,7DUPgXQK4NvmRrPFlVhfx2,['احمد الدوجري'],ريموت التلفيزيون - امسكو وانا هعمل اعمى
16948,5qaHd2XUX2heyaGpi6Gukm,РАССВЕТ,5qaHd2XUX2heyaGpi6Gukm,['Джизус'],РАССВЕТ
17046,6pQe3Jg2xlzv9tjkZ4eeIX,больше не буду,6pQe3Jg2xlzv9tjkZ4eeIX,"['тринадцать карат', 'Три дня дождя']",больше не буду
17054,3ImvIWUu0LcVc53qu0ga1o,Много проблем,3ImvIWUu0LcVc53qu0ga1o,['Канги'],Много проблем
17244,6MEi7NWbRbzEpV1xTv8ksi,لاتتهمني,6MEi7NWbRbzEpV1xTv8ksi,['بندر بن عوير'],لاتتهمني
17388,3FUqp10RhCmMjyyB9extmo,花に亡霊,3FUqp10RhCmMjyyB9extmo,['ヨルシカ'],花に亡霊
17507,07JzFsUuuOW4eQR6d9iMXR,若然冬天沒有花,07JzFsUuuOW4eQR6d9iMXR,['梁釗峰'],若然冬天沒有花
17763,6NuYlT9Z9Rp5VYySISVvhZ,כמה ימים,6NuYlT9Z9Rp5VYySISVvhZ,['אייל גולן ומשה פרץ'],כמה ימים
18028,25gZnLDytflamVlqsJ1wMK,說好各走五十步,25gZnLDytflamVlqsJ1wMK,['楊培安'],說好各走五十步
18044,6o1bc10R4IfNkL3YVrxKgu,Toma Tussi Gasta la plata,6o1bc10R4IfNkL3YVrxKgu,['劳力士'],Toma Tussi Gasta la plata
18475,3smY1fF2RinJwhaxGToDSh,طخ طخ انا الطخطوخ,3smY1fF2RinJwhaxGToDSh,['حمو الطيخا'],طخ طخ انا الطخطوخ
18677,3bSfQbNJto6UqEEY7ld8XI,الشخص الوحيد,3bSfQbNJto6UqEEY7ld8XI,['شبل الدواسر'],الشخص الوحيد
18801,6Xbxtp7npEVChidq0W49AA,Недоторканна,6Xbxtp7npEVChidq0W49AA,['артилерія'],Недоторканна
19009,0SL5InQfRLwBkhmsBXlCvM,Шыда,0SL5InQfRLwBkhmsBXlCvM,['Жугунусов Мирас'],Шыда
19031,3858LZVkoxKeKelqBGHB6K,Без даты,3858LZVkoxKeKelqBGHB6K,['УННВ'],Без даты
19256,6u4pWY8cVbRnPFkMsCOtIL,時光軌跡,6u4pWY8cVbRnPFkMsCOtIL,['方鉑深'],時光軌跡
19305,2A0vCSTeOryiLsbuWDwX7G,太陽雨,2A0vCSTeOryiLsbuWDwX7G,"['理想混蛋', '郁心']",太陽雨
19309,4m8Jm6TAeBsVWkP5CotIJP,冬眠,4m8Jm6TAeBsVWkP5CotIJP,['司南'],冬眠
19482,6zgL8Krj7e501kje22i4qZ,حزين من جدي,6zgL8Krj7e501kje22i4qZ,"['غريب ال مخلص', 'بندر اليامي']",حزين من جدي
19562,0lrwDj4eSceHCAmz0tQVRN,Катран,0lrwDj4eSceHCAmz0tQVRN,['Лъчо'],Катран
19579,33MgQyqDdQjhBBrm7rGGVb,liga la sosa,33MgQyqDdQjhBBrm7rGGVb,['Платина'],liga la sosa
19684,00Dy9idE7FOsG4dbeRo1Pi,Жить не запретишь,00Dy9idE7FOsG4dbeRo1Pi,['Канги'],Жить не запретишь
19740,15NALogLwSNm0Ua8hDUajh,起點,15NALogLwSNm0Ua8hDUajh,"['吳霏', '艾薇']",起點
19965,5Vv1VeXGH7YTPuwA7gizOS,ไทม์แมชชีน,5Vv1VeXGH7YTPuwA7gizOS,"['ปอน นิพนธ์', 'โต๋เหน่อ']",ไทม์แมชชีน
20095,1Muw1QlVngQPNL2Vk7fXN6,مهرجان لا مش هقع - بت انتي كوخ,1Muw1QlVngQPNL2Vk7fXN6,['حمو الطيخا'],مهرجان لا مش هقع - بت انتي كوخ
20108,6jNy9WM3zyvG9E5bdVALl8,好不容易 (《華燈初上》片尾曲),6jNy9WM3zyvG9E5bdVALl8,['告五人'],好不容易 (《華燈初上》片尾曲)
20116,6ZQoqQ9YYKrf52JRNvueLH,الدنيا دوارة,6ZQoqQ9YYKrf52JRNvueLH,['بدر العزي'],الدنيا دوارة
20170,2UxHaQdCaLxLMsVWOHg72M,тпм,2UxHaQdCaLxLMsVWOHg72M,['КОСМОНАВТОВ НЕТ'],тпм
20892,6AO1D5zV7YbsGPUEy09Bwg,绿色,6AO1D5zV7YbsGPUEy09Bwg,['陈雪凝'],绿色
21076,20OrMs4eAhIHyG82wHaGy0,我以為你不會出現 (UAG安全感形象曲),20OrMs4eAhIHyG82wHaGy0,['告五人'],我以為你不會出現 (UAG安全感形象曲)
21092,5Wp2zthERSPYnYOhaKs2SQ,誰,5Wp2zthERSPYnYOhaKs2SQ,['林愷倫'],誰
21101,0AdRVtUvbbuUBOpcBEOIat,チキンライス,0AdRVtUvbbuUBOpcBEOIat,['浜田雅功と槇原敬之'],チキンライス
21199,6HHbfGzobp338AhqtVMIWd,מאושר בלעדיי,6HHbfGzobp338AhqtVMIWd,['מיה סולימן'],מאושר בלעדיי
21224,5g3SAbi3NE8YXI0Z9aDFoZ,与我无关,5g3SAbi3NE8YXI0Z9aDFoZ,['阿冗'],与我无关
21245,3mkRGh8v7AOH31yQ38SVdt,ダーリン,3mkRGh8v7AOH31yQ38SVdt,['須田景凪'],ダーリン
21428,1rr2DJOxV0sHXeUXCAz1yf,春泥棒,1rr2DJOxV0sHXeUXCAz1yf,['ヨルシカ'],春泥棒
21510,4K2pAuLsgtzVHru4WkQjJz,صنع في مصر (عشان انا حته تقيله ف البلد),4K2pAuLsgtzVHru4WkQjJz,['مسلم'],صنع في مصر (عشان انا حته تقيله ف البلد)
21519,6OaLn9ZEvDs3ijzFPLq4Zy,Yabdyat almhbt,6OaLn9ZEvDs3ijzFPLq4Zy,['محمد عبده'],Yabdyat almhbt
21589,6Hhia1Bqxhanv26AK6fonu,Україна переможе!,6Hhia1Bqxhanv26AK6fonu,"['Олександр Пономарьов', 'Михайло Хома', 'Тарас Тополя', 'Євген Кошовий', 'Юрій Ткач', 'Петро Чорний']",Україна переможе!
21678,3nqgEI17nKvQgSWTZZqS1z,東京一轉,3nqgEI17nKvQgSWTZZqS1z,['麗英'],東京一轉
21796,78NUnAsLzE6azxvuPDy9M7,君のまま,78NUnAsLzE6azxvuPDy9M7,"['百足', '韻マン']",君のまま
21894,6E6ZuFwsSRsMPVjzkrBpDk,По душам,6E6ZuFwsSRsMPVjzkrBpDk,['МОТ'],По душам
22060,6VcRonz2dMc0xgbi5R14HF,太空,6VcRonz2dMc0xgbi5R14HF,['吳青峰'],太空
22401,3ZVfvApOacqaWH6vlcdk3T,مختلفين,3ZVfvApOacqaWH6vlcdk3T,['محمد عبدالجبار&محمود الشاعري&علي البدر'],مختلفين
22503,1e2N6VRQPlZBII4ijovmm1,שלוותה,1e2N6VRQPlZBII4ijovmm1,['ענבל רז'],שלוותה
22508,0XxEtWW2SsRb93SOcURK1G,حب قلبي,0XxEtWW2SsRb93SOcURK1G,['بدر العزي'],حب قلبي
22515,2n4ayRLgOpoBW9yiIlLWui,陌生的地方,2n4ayRLgOpoBW9yiIlLWui,['陳彥允'],陌生的地方
22617,03jBontbv2DkRxsgLU8H4x,แค่เพื่อนมั้ง (Just Friend?) - เพลงประกอบซีรีส์ แค่เพื่อนครับเพื่อน BAD BUDDY SERIES,03jBontbv2DkRxsgLU8H4x,['นนน กรภัทร์'],แค่เพื่อนมั้ง (Just Friend?) - เพลงประกอบซีรีส์ แค่เพื่อนครับเพื่อน BAD BUDDY SERIES
22637,6V2ycd5EqUqAl9r6NHqjNN,不刪,6V2ycd5EqUqAl9r6NHqjNN,['井朧'],不刪
22954,5s4QzwC0sCKwFQI0Jm1kMH,"聽說有個人,在紐約等著我",5s4QzwC0sCKwFQI0Jm1kMH,['范安婷'],"聽說有個人,在紐約等著我"
23051,3tzi8a5FEO3bczurgbNuAJ,Tomorrow will be fine.,3tzi8a5FEO3bczurgbNuAJ,['演唱：蘇打綠'],Tomorrow will be fine.
23717,4GMsLvtWIlSnUzWFiN3vXV,スマイル,4GMsLvtWIlSnUzWFiN3vXV,['森七菜'],スマイル
23898,60qCp3UdTSqyWqbemPsyXh,يفوت العمر,60qCp3UdTSqyWqbemPsyXh,['مسلم'],يفوت العمر
23971,2j6WSOZxNf9csRAotwwRMl,Перезимую,2j6WSOZxNf9csRAotwwRMl,"['Наша Таня', 'Три дня дождя']",Перезимую
24218,4gmP3i06rFVKIJYoVRssxa,願榮光歸香港(進行曲),4gmP3i06rFVKIJYoVRssxa,['湯瑪仕與眾香港人'],願榮光歸香港(進行曲)
24459,0IVr8Ihugepu33L6FsGXXi,轉來啦,0IVr8Ihugepu33L6FsGXXi,['新寶島康樂隊'],轉來啦
24556,5XIQxHGp9glGY6LRKl0qth,На твиче,5XIQxHGp9glGY6LRKl0qth,['нексюша'],На твиче
24742,6seh6pTdrtisyUx4R6eI4u,ピアノソナタ第8番「悲愴」 第2楽章,6seh6pTdrtisyUx4R6eI4u,['井谷俊二'],ピアノソナタ第8番「悲愴」 第2楽章
24904,4ZXE5Lwt3DiQ1J66nP8YQj,Мой байк,4ZXE5Lwt3DiQ1J66nP8YQj,['СЕРЕГА ПИРАТ'],Мой байк
24973,4fGAadpgdJnGHtPmcPwDNT,عائلة 25,4fGAadpgdJnGHtPmcPwDNT,['ريكلس'],عائلة 25
25174,3OadSO0Y0Xz8W4r0aOny9d,Одна,3OadSO0Y0Xz8W4r0aOny9d,"['АДЛИН', 'Килджо']",Одна
25265,7KXhgqoNmwlg2In6vCi2po,Эйя,7KXhgqoNmwlg2In6vCi2po,['Канги'],Эйя
25347,0qmF7YXfxp15wDexlK1tTt,最低,0qmF7YXfxp15wDexlK1tTt,['れん'],最低
25395,3QP3cYE3qnplFueLKNVsbM,哪里都是你,3QP3cYE3qnplFueLKNVsbM,['队长'],哪里都是你
25419,026RoEzKLsoEVD1rHR2pm9,Никогда,026RoEzKLsoEVD1rHR2pm9,['Руслан Утюг'],Никогда
25426,680N3hRpAFZh75fCzswOi7,Я и одиночество,680N3hRpAFZh75fCzswOi7,['Три дня дождя'],Я и одиночество
25483,2WBVjfhKzYXc6fhdpT0TtC,可不可以 - 抖音热歌,2WBVjfhKzYXc6fhdpT0TtC,['张紫豪'],可不可以 - 抖音热歌
25505,46FGVzlUEtTYfSYamzBKTB,Fight for your heart,46FGVzlUEtTYfSYamzBKTB,['三浦春馬'],Fight for your heart
25790,6t1ODAVbCVRQas6OyaGXQP,На грязном (Диана),6t1ODAVbCVRQas6OyaGXQP,['Платина'],На грязном (Диана)
25954,1W9UTzwtQTrgNkcfoYlfgj,歡樂小姐,1W9UTzwtQTrgNkcfoYlfgj,['陳凱彤'],歡樂小姐
25962,4oNbnRaCAk6NNNVkvns7xV,COLORFUL,4oNbnRaCAk6NNNVkvns7xV,['婁峻碩'],COLORFUL
26008,47O6EPP78iQOOma2OVsYwS,星辰大海,47O6EPP78iQOOma2OVsYwS,['黄霄雲'],星辰大海
26022,0FAXXXMCDGgvFkh4zWwLDl,邊緣人,0FAXXXMCDGgvFkh4zWwLDl,['玖壹壹'],邊緣人
26210,3SJUczvQpCvWExiir6dqC7,て,3SJUczvQpCvWExiir6dqC7,['上野大樹'],て
26275,5EIfRhrHwSCa4rhA4jXyES,夢一場,5EIfRhrHwSCa4rhA4jXyES,['那英'],夢一場
26305,1BApx7glGPbKRZ4Tqomd2f,شقطت منك حبيبتك ياعم,1BApx7glGPbKRZ4Tqomd2f,['حمو الطيخا'],شقطت منك حبيبتك ياعم
26443,1yDZtq2fIBeSSFvwgG4mOU,تعال,1yDZtq2fIBeSSFvwgG4mOU,['علي جاسم ومحمود التركي ومصطفى العبدالله'],تعال
26553,3jwBvFnQqVPO447lDtR1cx,体の芯からまだ燃えているんだ(Duet ver.),3jwBvFnQqVPO447lDtR1cx,['シン & ふうか'],体の芯からまだ燃えているんだ(Duet ver.)
26570,2dxyp4ycfgokHoFmeIZwg4,남자 남자야 - Instrumental,2dxyp4ycfgokHoFmeIZwg4,['하숙자'],남자 남자야 - Instrumental
26974,5ko89DUFQquXcReZAn1Dfy,只管向前 (2021黑松沙士年度主題曲),5ko89DUFQquXcReZAn1Dfy,['告五人'],只管向前 (2021黑松沙士年度主題曲)
27005,3klJzY5IoENZS1aAgDlqr3,don't kill,3klJzY5IoENZS1aAgDlqr3,['Джизус'],don't kill
27109,78FPldYLk2D5guNNJmVBc6,Возьми сердце моё,78FPldYLk2D5guNNJmVBc6,['Канги'],Возьми сердце моё
27137,4KjPt8HrShkDOASRyMkTJ4,帶我去找夜生活,4KjPt8HrShkDOASRyMkTJ4,['告五人'],帶我去找夜生活
27328,5kxeYsWK6nqyBe928myoA0,فيني مايكفيني,5kxeYsWK6nqyBe928myoA0,['بدر العزي'],فيني مايكفيني
27509,08OqW3py64l8TX5fLXrT8a,滿天星 - 偶像劇《狼王子》片尾曲,08OqW3py64l8TX5fLXrT8a,['李玉璽'],滿天星 - 偶像劇《狼王子》片尾曲
27564,12hJXnBH7nR6exYKMhqTkR,Искренность,12hJXnBH7nR6exYKMhqTkR,['Папин Олимпос'],Искренность
27593,6GgQvdM7wennj6Zq5wOlFM,"Любовь, Сигареты",6GgQvdM7wennj6Zq5wOlFM,['Мэвл'],"Любовь, Сигареты"
27721,3ZtHtqqSEKd8EcggroTfZU,ウエディング,3ZtHtqqSEKd8EcggroTfZU,['音田 雅則'],ウエディング
27929,4neYwcLQvLZ6kEdgF0cicX,شيماء,4neYwcLQvLZ6kEdgF0cicX,['يوسف سوسته'],شيماء
27949,2A15Xq5HPR2kIUhAC9Fg9P,أشكر جمالك,2A15Xq5HPR2kIUhAC9Fg9P,['عبدالله المخلص'],أشكر جمالك
28210,1jTOAjaP3OU6GrPURluA0s,мазохизм,1jTOAjaP3OU6GrPURluA0s,['вышел покурить'],мазохизм
28249,0SKXNVj9gR7kpwFVmeWSX5,Nero,0SKXNVj9gR7kpwFVmeWSX5,['Ν.Ο.Ε.'],Nero
28314,5vDljIZz6MzrKMf4nvkonh,我喜歡你的時候,5vDljIZz6MzrKMf4nvkonh,['鄭可強'],我喜歡你的時候
28401,5Yn6iA7o8aUHxB4sJQmVwu,是你,5Yn6iA7o8aUHxB4sJQmVwu,['梦然'],是你
28512,3R4FqmSdK9SYRnFGzMRcIJ,На дно,3R4FqmSdK9SYRnFGzMRcIJ,['Вакарчук'],На дно
28610,01mH7HUE0ThKRbyYOuva56,未接來電,01mH7HUE0ThKRbyYOuva56,['莫宰羊'],未接來電
28823,2yKu0WgrgnMrl1tLOOFNd0,Я не теряю надежды,2yKu0WgrgnMrl1tLOOFNd0,['Джизус'],Я не теряю надежды
28914,3J5S0VNICeeHszPcIqKk7d,TRELE,3J5S0VNICeeHszPcIqKk7d,['Ν.Ο.Ε.'],TRELE
29049,7w2w3bLo37unLedpgOTXyr,一日,7w2w3bLo37unLedpgOTXyr,['許光漢'],一日
29072,4jHQxRQlRmpnrc3Sl2PiCK,Лютики,4jHQxRQlRmpnrc3Sl2PiCK,['просто Лера'],Лютики
29260,5Dc8ohGyajXX0EU4a9JxNs,Не Могу Влюбиться,5Dc8ohGyajXX0EU4a9JxNs,['Шайни'],Не Могу Влюбиться
29279,3BtXgurV7Xz7SuJv2mfBSQ,Экзорцизм,3BtXgurV7Xz7SuJv2mfBSQ,['Сны Саламандры'],Экзорцизм
29327,2R8CylfWLqBcejsXu2mdcW,Хочеш,2R8CylfWLqBcejsXu2mdcW,['Після Дощу'],Хочеш
29341,00aJoSrsoDIzFznPDkBUFP,溫室狂花,00aJoSrsoDIzFznPDkBUFP,['艾薇'],溫室狂花
29387,2wks1k99S6Rqip6fVTSike,當我說真話的時候我感到自由,2wks1k99S6Rqip6fVTSike,['鍾明軒'],當我說真話的時候我感到自由
29713,1aa2wl4aISMXWzNC9oOK8h,幸福的模樣(《紅色氣球》插曲),1aa2wl4aISMXWzNC9oOK8h,['思衛'],幸福的模樣(《紅色氣球》插曲)
29791,7ADnt8DESfljWZKT5O4G00,Booyah,7ADnt8DESfljWZKT5O4G00,['婁峻碩'],Booyah
29827,7ybFtRCn5rAWKer71CLJFM,我們為什麼在一起,7ybFtRCn5rAWKer71CLJFM,['肖懿航'],我們為什麼在一起
29879,3C0Hpz4Df64ZszZNODDaUV,أحبك يوم تاخذني,3C0Hpz4Df64ZszZNODDaUV,['محمد الديحاني'],أحبك يوم تاخذني
30036,59zCzJNeulRGPA7yT6if1k,查无此人,59zCzJNeulRGPA7yT6if1k,['颜人中'],查无此人
30048,55SL63CHgFSxvgHgwBy4Ic,Молекулярная физика,55SL63CHgFSxvgHgwBy4Ic,['алёна швец.'],Молекулярная физика
30143,1nbcdTsZbPQHmg8o2G7XQ2,听说你,1nbcdTsZbPQHmg8o2G7XQ2,['于冬然'],听说你
30536,2d7vK6m69cyq29nK1eDUCL,Бригада,2d7vK6m69cyq29nK1eDUCL,['Платина'],Бригада
30538,5j7ixaLeGTGSv4DzKs0pCM,だから僕は音楽を辞めた,5j7ixaLeGTGSv4DzKs0pCM,['ヨルシカ'],だから僕は音楽を辞めた
30543,5jRaKU8GyLXMtUsosbC4pg,PES MOU,5jRaKU8GyLXMtUsosbC4pg,['Ν.Ο.Ε.'],PES MOU
30607,2ExrckON3Z1e95sxU9il2z,ขอจองได้ไหม,2ExrckON3Z1e95sxU9il2z,['เอ๋ยเอ้ย'],ขอจองได้ไหม
30619,13m74oo33GO04HDHBWgldV,صاملً مافيه حيله,13m74oo33GO04HDHBWgldV,['محمد ال نجم المري'],صاملً مافيه حيله
30655,36JeQiNJvvpnCTZCDDgKuB,一派輕鬆,36JeQiNJvvpnCTZCDDgKuB,['許光漢'],一派輕鬆
30719,0Jg3myaigLt8W0cEvE3mXU,זרים מכירים,0Jg3myaigLt8W0cEvE3mXU,['יושי'],זרים מכירים
30760,4CNCKuEyLYrS3zCUMphITh,Вали,4CNCKuEyLYrS3zCUMphITh,['Канги'],Вали
30883,1j40VTVHnNc0prj4ZkskkE,اخر ما سوى,1j40VTVHnNc0prj4ZkskkE,['بو خطيف'],اخر ما سوى
30986,1ofAXq6xfHjn6ZUxdsY3YW,カラカラ,1ofAXq6xfHjn6ZUxdsY3YW,['結束バンド'],カラカラ
31078,4nXDROHk51085Lcd3gM4BA,Do Things Right (feat. 春艷),4nXDROHk51085Lcd3gM4BA,"['柯文哲', '春艷']",Do Things Right (feat. 春艷)
31146,3gY1UX6zV7IQAKcBgi2gcm,夕凪、某、花惑い,3gY1UX6zV7IQAKcBgi2gcm,['ヨルシカ'],夕凪、某、花惑い
31147,0vklMM00Iu0SW2TiUQ2vWN,Апокалипсис Сегодня,0vklMM00Iu0SW2TiUQ2vWN,['Джизус'],Апокалипсис Сегодня
31412,1Z6V29QPGQ3m9RclqW81Aw,לא נגמר,1Z6V29QPGQ3m9RclqW81Aw,['הגר יפת'],לא נגמר
31450,6ZuN71JnSB8pmtb4wF7ygV,俄羅斯套娃,6ZuN71JnSB8pmtb4wF7ygV,['吳林峰'],俄羅斯套娃
31599,6n1wJXTJcsYHX4se6ptQ5w,癡情男子漢,6n1wJXTJcsYHX4se6ptQ5w,['玖壹壹'],癡情男子漢
31607,5ybBwHoTgTAwKkVJ8PIzw1,เก็บความรู้สึกเก่ง (Invisible Tears) / Boys Don't Cry,5ybBwHoTgTAwKkVJ8PIzw1,['เต ตะวัน'],เก็บความรู้สึกเก่ง (Invisible Tears) / Boys Don't Cry
31740,5C3mVOwYZNSKVHJXKVXCsX,另存寂寞 - 搶先聽版,5C3mVOwYZNSKVHJXKVXCsX,['黃荻鈞'],另存寂寞 - 搶先聽版
31797,35LIFNsMZjGJhLvRYAYxTX,Я тебя люблю,35LIFNsMZjGJhLvRYAYxTX,['Где Фантом?'],Я тебя люблю
31823,3eedMZVAKECLgtCzxDwTcP,"夢飛翔 - 劇集 ""那些我愛過的人"" 插曲",3eedMZVAKECLgtCzxDwTcP,"['戴祖儀', '謝東閔']","夢飛翔 - 劇集 ""那些我愛過的人"" 插曲"
32138,3CDcr9ogSecLIwourcz760,水星记,3CDcr9ogSecLIwourcz760,['郭顶'],水星记
32206,4NbpS5yzdNawCgLURGvmr1,法蘭西多士,4NbpS5yzdNawCgLURGvmr1,['告五人'],法蘭西多士
32253,1Eaoqo94mLIpAgHhEuReCL,在愛裡臣服,1Eaoqo94mLIpAgHhEuReCL,['老鬼團'],在愛裡臣服
32385,3MB1afOMzspYZUHF5cB0dq,אין מספיק זמן,3MB1afOMzspYZUHF5cB0dq,['יושי'],אין מספיק זמן
32493,4PgXICtkAjJphhy2asB7Qg,Ананасовый сок,4PgXICtkAjJphhy2asB7Qg,['просто Лера'],Ананасовый сок
32615,3CgFUlC90UqQWadgmDgujJ,Easy Peasy,3CgFUlC90UqQWadgmDgujJ,['理想混蛋'],Easy Peasy
32879,1IVj6CsBbTgOEpo0W6hgwN,嘉宾,1IVj6CsBbTgOEpo0W6hgwN,['张远'],嘉宾
32914,0JPxIqkH636FIYb6ce2kt4,清空,0JPxIqkH636FIYb6ce2kt4,"['王忻辰', '苏星婕']",清空
32953,2KynotKUVV1Kp5hx0RJofP,如你一般的人,2KynotKUVV1Kp5hx0RJofP,['陶晶瑩'],如你一般的人
33058,72f9WiINVWeJjtkwDKbZUU,心跳的證明 - 電影《一吻定情》心動版主題曲,72f9WiINVWeJjtkwDKbZUU,['刘人语'],心跳的證明 - 電影《一吻定情》心動版主題曲
33114,3zQv0tABjRe0EopEEhumdg,青春、戀愛和意外,3zQv0tABjRe0EopEEhumdg,['曾樂彤'],青春、戀愛和意外
33536,6wH2RsJUO8oypx8c5PG0bP,転がる岩、君に朝が降る,6wH2RsJUO8oypx8c5PG0bP,['結束バンド'],転がる岩、君に朝が降る
33578,2scCDNMl7gNAhI7cLz8BRN,مع السلامة للي عايز يمشي,2scCDNMl7gNAhI7cLz8BRN,['أوشا الصغير'],مع السلامة للي عايز يمشي
33582,551l3WSPbohzxQGHhTVm0q,Капкан,551l3WSPbohzxQGHhTVm0q,['МОТ'],Капкан
33594,1zdbpQXkC4oHNiYiuLrbQZ,Этажи,1zdbpQXkC4oHNiYiuLrbQZ,['дипинс'],Этажи
33606,5zNCljjuylNbzOQ01aMEU3,ملينا ملينا,5zNCljjuylNbzOQ01aMEU3,"['فلاح المسردي', 'عناد المسردي']",ملينا ملينا
33633,1kEMfs7WR0aFhSlzTB7SmB,только ты никогда не узнаешь,1kEMfs7WR0aFhSlzTB7SmB,['тринадцать карат'],только ты никогда не узнаешь
33868,6WdwpAPZh9wbKACkcZNZ57,三角題,6WdwpAPZh9wbKACkcZNZ57,['二珂'],三角題
34078,1zuFlGHYDmp8cuNxGktpEl,好不容易,1zuFlGHYDmp8cuNxGktpEl,['葉秉桓'],好不容易
34088,3y3175OM52bdhGe98p2JIv,外人,3y3175OM52bdhGe98p2JIv,['蕭秉治'],外人
34174,5VAP6d5vE98dbeKYETtGDr,אור,5VAP6d5vE98dbeKYETtGDr,['היוצרים'],אור
34437,47buYhvYRsdJf2cPMEWyL1,河畔,47buYhvYRsdJf2cPMEWyL1,['詹雯婷'],河畔
34525,6Ojfi0IzZmhLMiB2vlQFw5,שוב אני נשברת,6Ojfi0IzZmhLMiB2vlQFw5,['הגר יפת'],שוב אני נשברת
34603,1smu904xekZdv925d10SPn,รำคาญกะบอกกันเด้อ,1smu904xekZdv925d10SPn,['ลำเพลิน วงศกร'],รำคาญกะบอกกันเด้อ
34812,6TcfMQ34NaCxdgrh65naqe,мемы,6TcfMQ34NaCxdgrh65naqe,['алёна швец.'],мемы
34881,6HNESZLBWkYVekOEq6XmTc,我心中尚未崩壞的地方,6HNESZLBWkYVekOEq6XmTc,['黃韻玲'],我心中尚未崩壞的地方
34885,2ch5o7qvAhjtlCsbGYR15y,Fukit,2ch5o7qvAhjtlCsbGYR15y,['Шайни'],Fukit
34898,39MturfdwhAQYpuhx7JXbq,รักควรมีสองคน,39MturfdwhAQYpuhx7JXbq,"['พร จันทพร', 'เนย ภัสวรรณ']",รักควรมีสองคน
34965,3ltF2v0eDtJkjVlprwD9bs,هذا السعودي فوق,3ltF2v0eDtJkjVlprwD9bs,['فهد بن فصلا'],هذا السعودي فوق
35051,3xKk3LzFEg4HYhId7JeI5I,Автомат,3xKk3LzFEg4HYhId7JeI5I,['Джизус'],Автомат
35120,5fwxL5EIOUXWUfxvNX3s1I,悲傷的五個步驟 - Live Session,5fwxL5EIOUXWUfxvNX3s1I,['艾薇'],悲傷的五個步驟 - Live Session
35152,5y3ndnhzdlUcCGzMJ5OtV6,Зымыран,5y3ndnhzdlUcCGzMJ5OtV6,['Жугунусов Мирас'],Зымыран
35377,1CqOEa4NIRBaWR6sNHTDTo,Как тебя покорить,1CqOEa4NIRBaWR6sNHTDTo,['Перемотка'],Как тебя покорить
35390,4k0c5A5gT9GtCd0kh4otYb,太阳,4k0c5A5gT9GtCd0kh4otYb,['曲肖冰'],太阳
35456,1bI0Y0i234LFlO15koZMsI,Midnight,1bI0Y0i234LFlO15koZMsI,['大森元貴'],Midnight
35557,15WPcx72Hp22XQSQjt3Xif,أحتريك,15WPcx72Hp22XQSQjt3Xif,['عبدالله المخلص'],أحتريك
35693,00EF9VNkfjUNF77VwBfaRU,暗戀家,00EF9VNkfjUNF77VwBfaRU,['石山街'],暗戀家
35825,2X0CA094Ne939g54EXOIJU,زين وحلا,2X0CA094Ne939g54EXOIJU,['غريب ال مخلص'],زين وحلا
36344,4Li6IWgv5sFzsnFWXgzi4a,嘉賓,4Li6IWgv5sFzsnFWXgzi4a,['張遠'],嘉賓
36400,1Ytgo9ipdlTsf6wlg6sXf3,在這座城市遺失了你 (戲劇《他們創業的那些鳥事》插曲),1Ytgo9ipdlTsf6wlg6sXf3,['告五人'],在這座城市遺失了你 (戲劇《他們創業的那些鳥事》插曲)
36501,5VXf1XETOMtk0WZIT4Bw3M,Батареи,5VXf1XETOMtk0WZIT4Bw3M,['Нервы'],Батареи
36617,6Ueak5DDCwth4IdeTmLpYC,敲 喜欢你(合唱版),6Ueak5DDCwth4IdeTmLpYC,"['严艺丹', '叶青']",敲 喜欢你(合唱版)
36964,3WtIXrla0ovC9MOIY78Vr8,又三郎,3WtIXrla0ovC9MOIY78Vr8,['ヨルシカ'],又三郎
37134,5JDtUGEFLwq2r26yhHM89E,в темноте,5JDtUGEFLwq2r26yhHM89E,"['КОСМОНАВТОВ НЕТ', 'дипинс']",в темноте
37306,6Z8snT9oW2YF3JRvDVXvoy,如果我們再相遇,6Z8snT9oW2YF3JRvDVXvoy,['王笠人'],如果我們再相遇
37379,68OYaxreTGmAuD9cAztr2p,風を食む,68OYaxreTGmAuD9cAztr2p,['ヨルシカ'],風を食む
37686,4g5TZbKKlK24E6RpcFXBhX,Hold Me Down - Chinese Version,4g5TZbKKlK24E6RpcFXBhX,['吴亦凡'],Hold Me Down - Chinese Version
37691,08vQdwe3YajIVD3rgQuK49,Без даты (proddoublew Remix),08vQdwe3YajIVD3rgQuK49,['УННВ'],Без даты (proddoublew Remix)
37904,0OQf2nxEo29HqO4iUuHCov,вопрос,0OQf2nxEo29HqO4iUuHCov,['вышел покурить'],вопрос
37951,2QwCuzRvItl9plyEOdEqjj,تجرحني واحبك,2QwCuzRvItl9plyEOdEqjj,['غريب ال مخلص'],تجرحني واحبك
38013,65pvMJX8rkUCyeByCHKFhj,错位时空 - 治愈版,65pvMJX8rkUCyeByCHKFhj,['小玄子'],错位时空 - 治愈版
38067,0ZGHCIFlJWqwB4TpG8LFbe,МЯТОЙ - remix 2010,0ZGHCIFlJWqwB4TpG8LFbe,['КОСМОНАВТОВ НЕТ'],МЯТОЙ - remix 2010
38148,3GYzfXJvjBxJX4N70KHM72,我想再唱起歌,3GYzfXJvjBxJX4N70KHM72,['詹森淮'],我想再唱起歌
38273,6V9doxBqWIdHujB55uxOiL,שבט אחים ואחיות,6V9doxBqWIdHujB55uxOiL,['שבט אחים ואחיות'],שבט אחים ואחיות
38351,6KjSRihg1U0Fn4kzrEuZb4,蜂鳥 (電視劇《我在北京等你》片頭曲),6KjSRihg1U0Fn4kzrEuZb4,['吳青峰'],蜂鳥 (電視劇《我在北京等你》片頭曲)
38635,6LLwfd76hGCCBFOX6g14AL,סוף עונה,6LLwfd76hGCCBFOX6g14AL,['דקל וקנין'],סוף עונה
38673,4HmlN8Nc4n4o2cSXNKA7Ey,寂寞弧度,4HmlN8Nc4n4o2cSXNKA7Ey,['黃莉'],寂寞弧度
38788,3vItl2vBpmEw20g4v8g0rS,嘉賓 - EP/Single,3vItl2vBpmEw20g4v8g0rS,['張遠'],嘉賓 - EP/Single
38931,6WFoVL9bUKB6JSwdLU3HSb,Leave Me Alone (魚in summer),6WFoVL9bUKB6JSwdLU3HSb,['魚丁糸'],Leave Me Alone (魚in summer)
39448,6kJ3TzuVUAnSjy0lMSCLJZ,厭惡物圖鑑,6kJ3TzuVUAnSjy0lMSCLJZ,['陳健安'],厭惡物圖鑑
39480,56y9Vdi0PWuDqjz6RQ2K93,學貓叫,56y9Vdi0PWuDqjz6RQ2K93,"['小潘潘', '小峰峰']",學貓叫
39490,74nVCj4vMVemLIs71vXcnP,白月光与朱砂痣,74nVCj4vMVemLIs71vXcnP,['大籽'],白月光与朱砂痣
39663,5bNgRiBa3545I8tcn1v6XV,Копы,5bNgRiBa3545I8tcn1v6XV,['Грибы'],Копы
39672,4wIS4QXtpkSpLmopgUz97a,UUU,4wIS4QXtpkSpLmopgUz97a,['羅小白'],UUU
39887,67pgW0LyrChcjli8XyjT9U,شيلة طرب حماسية,67pgW0LyrChcjli8XyjT9U,['غنوة'],شيلة طرب حماسية
39921,2uMmfO7yMmi5yBH09pu8Hr,烏雲日記,2uMmfO7yMmi5yBH09pu8Hr,['艾薇'],烏雲日記
40315,4CK9NEdPWB6rJ8N6BU20pN,ярче звёзд,4CK9NEdPWB6rJ8N6BU20pN,['ПОЛМАТЕРИ'],ярче звёзд
40432,69C99PshwhT5jMz1SHheNO,Случайна,69C99PshwhT5jMz1SHheNO,['Платина'],Случайна
40688,0F66LkXiihhVNKpWSqKgjy,كلمني,0F66LkXiihhVNKpWSqKgjy,['بدر العزي'],كلمني
40726,0MyujhCArTj2YAv8JLMHeS,מתחילים מחדש,0MyujhCArTj2YAv8JLMHeS,['ותן חלקנו'],מתחילים מחדש
40809,7BUHKcrvmr9WIAgEBkwukl,ผู้ถูกเลือกให้ผิดหวัง (ดอกไม้ฤดูหนาว) - Sad flower,7BUHKcrvmr9WIAgEBkwukl,['เรนิษรา'],ผู้ถูกเลือกให้ผิดหวัง (ดอกไม้ฤดูหนาว) - Sad flower
40868,1g7pSpg95Qgwsi83Hjyoej,落落大方,1g7pSpg95Qgwsi83Hjyoej,['路嘉欣'],落落大方
41503,4HPD21OEd7IsvJkaS9VbFR,UAQYT,4HPD21OEd7IsvJkaS9VbFR,['Жугунусов Мирас'],UAQYT
41544,1Fsnq1EqX9Bf6l9fJazS3x,หนีห่าง,1Fsnq1EqX9Bf6l9fJazS3x,['เขียนไขและวานิช'],หนีห่าง
41623,5Wyq70ysHQp0jaMhPKrza4,萬千花蕊慈母悲哀,5Wyq70ysHQp0jaMhPKrza4,['珂拉琪'],萬千花蕊慈母悲哀
41630,1E0TFvBj3WqdxDTt7Lwe5j,ใส่ใจ,1E0TFvBj3WqdxDTt7Lwe5j,['ตูน อาทิวราห์'],ใส่ใจ
41760,4HMsQy6myJNy1GoCLsIDDR,與海無關 (《比悲傷更悲傷的故事》影集版插曲),4HMsQy6myJNy1GoCLsIDDR,['告五人'],與海無關 (《比悲傷更悲傷的故事》影集版插曲)
41826,2e1gUS6Wv8GS8ZT6FMeE1J,ただ声一つ,2e1gUS6Wv8GS8ZT6FMeE1J,['ロクデナシ'],ただ声一つ
42049,2hd1XmhIwwq1b9Wr9uEi3W,не учи,2hd1XmhIwwq1b9Wr9uEi3W,['кис-кис'],не учи
42078,44ymejne8Roi7uT4lhiwCR,คนแบบไหน - เพลงประกอบซีรีส์ ปลาบนฟ้า,44ymejne8Roi7uT4lhiwCR,['มิกซ์ สหภาพ'],คนแบบไหน - เพลงประกอบซีรีส์ ปลาบนฟ้า
42145,0zpnriDUG9bzFKQgBm6Hiz,БОГАТЫМИ,0zpnriDUG9bzFKQgBm6Hiz,['ФОГЕЛЬ'],БОГАТЫМИ
42277,6SLcVy8QOxvDdZY0BLzMCD,時間的孤島,6SLcVy8QOxvDdZY0BLzMCD,['陳惠婷'],時間的孤島
42291,2IbcGX9Y87hlo8ky8CAfs0,凡人,2IbcGX9Y87hlo8ky8CAfs0,['蕭秉治'],凡人
42430,1fnEaGJPQoedHBuCjU3hlm,給你一瓶魔法藥水,1fnEaGJPQoedHBuCjU3hlm,['告五人'],給你一瓶魔法藥水
42586,7b6blgIv6cMRAXu8sBnWJf,ايامي بدونك,7b6blgIv6cMRAXu8sBnWJf,['خالد الحنين'],ايامي بدونك
42866,6ZxvapmYLdLdRCdIFR0NRQ,晚风告白,6ZxvapmYLdLdRCdIFR0NRQ,['星野'],晚风告白
42929,5ZiMscIUd9Gozq4JFPnlJQ,"起风了 - 电视剧""加油你是最棒的""主题曲",5ZiMscIUd9Gozq4JFPnlJQ,['吳青峰'],"起风了 - 电视剧""加油你是最棒的""主题曲"
42947,5MqZFxSAGTKqnUbBVLlkM5,本当はね、,5MqZFxSAGTKqnUbBVLlkM5,['ヤングスキニー'],本当はね、
43428,1lSzz84bK1okj8gxJ9Gxau,無情我抵著閣較無情个妳,1lSzz84bK1okj8gxJ9Gxau,['小安'],無情我抵著閣較無情个妳
43555,1BIFMwu8eEVAGBVrF9lKpJ,樂壇已死,1BIFMwu8eEVAGBVrF9lKpJ,['吳林峰'],樂壇已死
43692,6ZGtvjAaMeuNtsXCEbfrDG,לא רואה,6ZGtvjAaMeuNtsXCEbfrDG,['רוי סופר'],לא רואה
43714,0IKt70sonEjlSzcMEjdFYo,未发送,0IKt70sonEjlSzcMEjdFYo,['阿冗'],未发送
43747,5dCjHno3AfZ2pFkkXEVQw1,這天(魚版),5dCjHno3AfZ2pFkkXEVQw1,['魚丁糸'],這天(魚版)
43765,7G09ah2mGz3cR5QFwRUpIB,לרוץ אחרייך,7G09ah2mGz3cR5QFwRUpIB,['שילה בן סעדון'],לרוץ אחרייך
43868,1fg6qreK9eFt2aXjN7CrdO,放棄妳的是我,1fg6qreK9eFt2aXjN7CrdO,['卓義峯'],放棄妳的是我
44134,6f4ynHUr1pUp7blwVx5o72,曾經的女人啊 你在哪裡 你在哪裡,6f4ynHUr1pUp7blwVx5o72,['老王樂隊'],曾經的女人啊 你在哪裡 你在哪裡
44217,5cUU9TPyXXwkreewWikNPe,BROMAN,5cUU9TPyXXwkreewWikNPe,['玖壹壹'],BROMAN
44308,15cpcE1a2Gy0BXHPpS2aTR,شوقي وصل حده,15cpcE1a2Gy0BXHPpS2aTR,"['سلطان الفهادي', 'غريب ال مخلص']",شوقي وصل حده
44336,4NjcBu9yymywoxK1l9tdBE,молчи,4NjcBu9yymywoxK1l9tdBE,['кис-кис'],молчи
44378,13pOQ1SGSdzwsVgEQaUU0K,ประตู อากาศ และวันดีดี,13pOQ1SGSdzwsVgEQaUU0K,['คริส พีรวัส'],ประตู อากาศ และวันดีดี
44434,64epifHS5CvRUVgKEDbRJm,маша,64epifHS5CvRUVgKEDbRJm,['ПОЛМАТЕРИ'],маша
44485,7mlxCVqgPu4cjdm1qJU59l,หนังสือเล่มเก่า,7mlxCVqgPu4cjdm1qJU59l,['คิงส์ ชนาวิทย์'],หนังสือเล่มเก่า
44561,7xxbUYsO4czcZBUr5Ik27m,冷耳光,7xxbUYsO4czcZBUr5Ik27m,['楊培安'],冷耳光
44778,0QuN4qQX3j8uRLG9IL5D5v,最好陪伴,0QuN4qQX3j8uRLG9IL5D5v,['余香凝'],最好陪伴
44841,7ie5HrKXfa55NobwCFJkIg,傷心地獄芳花引魂,7ie5HrKXfa55NobwCFJkIg,['珂拉琪'],傷心地獄芳花引魂
45014,1oWjzY5N7GmwH6N6LnBOHs,يا جماعة,1oWjzY5N7GmwH6N6LnBOHs,['دحوم الطلاسي'],يا جماعة
45099,1MvSZ7ZSU1CufitiRVQTtz,клетка,1MvSZ7ZSU1CufitiRVQTtz,['кис-кис'],клетка
45214,34lKfths7RMZbuSxNRDJ2L,歡迎光臨,34lKfths7RMZbuSxNRDJ2L,"['玖壹壹', '動力火車', '林美秀', '范少勳']",歡迎光臨
45245,4JCWb0ydsprfS3CQ7hatx9,標準解題,4JCWb0ydsprfS3CQ7hatx9,['慢慢說'],標準解題
45334,4iYtRR9CT61D5pLQDx24BO,طلقاتى راشقه,4iYtRR9CT61D5pLQDx24BO,['حمو الطيخا'],طلقاتى راشقه
45390,5Kk5fKk7S9ov1C7TLAyQ4Y,咖啡都涼了,5Kk5fKk7S9ov1C7TLAyQ4Y,['陳武官 & 吳佩俞'],咖啡都涼了
45441,5ToWBPyhCmA6mh1hwhn7dG,寂寞的時候,5ToWBPyhCmA6mh1hwhn7dG,['吳青峰'],寂寞的時候
45508,2ELI4Xk0KlGUmt4xrPi9mR,غيرك ما يعنيني,2ELI4Xk0KlGUmt4xrPi9mR,['غريب ال مخلص'],غيرك ما يعنيني
45515,32V39570xg3TuuQvI5e3zh,За Меня,32V39570xg3TuuQvI5e3zh,['Платина'],За Меня
45519,3OvZXZFaBjhGFg44XJKQlM,愛在夏天-盛夏之約,3OvZXZFaBjhGFg44XJKQlM,['告五人'],愛在夏天-盛夏之約
45595,1iNhNmEwrd2TP4XrV7pQBI,星座になれたら,1iNhNmEwrd2TP4XrV7pQBI,['結束バンド'],星座になれたら
45631,0DiLlQDMvP4fFwHGNfJu8d,сопротивление,0DiLlQDMvP4fFwHGNfJu8d,['вышел покурить'],сопротивление
45670,19fp9nI0tq0lcBl7XoCHAb,唯一 (三立/台視戲劇《戀愛是科學》插曲),19fp9nI0tq0lcBl7XoCHAb,['告五人'],唯一 (三立/台視戲劇《戀愛是科學》插曲)
45705,2U3ou4BDMdNg23zEKsnvcK,Tough Pill,2U3ou4BDMdNg23zEKsnvcK,['吴亦凡'],Tough Pill
45956,4Gv3WzG8DaeY1LLnufwXdJ,陷眠,4Gv3WzG8DaeY1LLnufwXdJ,['阿跨面'],陷眠
45975,31tUgLXIvQCHHW7u9960YT,空舞,31tUgLXIvQCHHW7u9960YT,"['吳青峰', '陳粒']",空舞
46134,5QSG6DvhGzbhnXnciSC1fp,اعترف لي,5QSG6DvhGzbhnXnciSC1fp,['بندر بن عوير'],اعترف لي
46225,4lIxejBv1NGVRuz38SqXrx,عذبت حالي,4lIxejBv1NGVRuz38SqXrx,['غريب ال مخلص'],عذبت حالي
46327,4UfTEh4QQFESwPL0GrGJSi,碼頭姑娘 (杜美心),4UfTEh4QQFESwPL0GrGJSi,['劉芷融'],碼頭姑娘 (杜美心)
46330,74rl89i6GlqWwOFVlBtEh9,Младшая сестра,74rl89i6GlqWwOFVlBtEh9,['Дора'],Младшая сестра
46880,3QdBjjzP3JuBnchPSPOMDC,ผู้สาวขาเลาะ,3QdBjjzP3JuBnchPSPOMDC,['ลำไย ไหทองคำ'],ผู้สาวขาเลาะ
46939,2WwJH3fRVOBwToPO6q2QCr,ما تبتسم,2WwJH3fRVOBwToPO6q2QCr,['محمد البريكي'],ما تبتسم
47034,4H3PAT1dIkNNSqKfNKqhl9,小苹果,4H3PAT1dIkNNSqKfNKqhl9,['筷子兄弟'],小苹果
47091,0OXINTkSPTozv82CWvDbTa,醉後喜歡我,0OXINTkSPTozv82CWvDbTa,['冰球樂團'],醉後喜歡我
47233,5iRS753YMGeNBOWAQFXTND,Как до луны (Drizzy flow),5iRS753YMGeNBOWAQFXTND,['Платина'],Как до луны (Drizzy flow)
47330,4ftmQfBiImYLtJjVaaxLSP,彼此彼此,4ftmQfBiImYLtJjVaaxLSP,['小球(莊鵑瑛)'],彼此彼此
47668,7sLxvJ2Lj4Kf2K6Wa7OEk1,月に吠える,7sLxvJ2Lj4Kf2K6Wa7OEk1,['ヨルシカ'],月に吠える
47686,59Sb6nRqJ7ki3qxmXfrRYZ,直到我,59Sb6nRqJ7ki3qxmXfrRYZ,['青井'],直到我
47782,0dJaravwFK2NGJfu9scOPe,ДУРАКАМ ВЕЗЁТ,0dJaravwFK2NGJfu9scOPe,['ФОГЕЛЬ'],ДУРАКАМ ВЕЗЁТ
47828,1TdkyHxsOXzFa9wT5MgFaw,可是我們呢,1TdkyHxsOXzFa9wT5MgFaw,['林凡'],可是我們呢
47847,75XM03G3WuW8vTRhJ7B3Hu,Гимн Дахака,75XM03G3WuW8vTRhJ7B3Hu,['СЕРЕГА ПИРАТ'],Гимн Дахака
47923,24h4LzuORNmnSviYYymhqb,Только по дури,24h4LzuORNmnSviYYymhqb,['Ежемесячные'],Только по дури
47928,2ughctoDCNrWVYG04IHJim,去年冬天,2ughctoDCNrWVYG04IHJim,"['宋楚琳', '馬念先']",去年冬天
48060,39vePmrWVXcFn9jfIBxhw3,愛はスローにちょっとずつ,39vePmrWVXcFn9jfIBxhw3,['サザンオールスターズ'],愛はスローにちょっとずつ
48062,6ONUHorGg4ZhD0z2LJjhnq,浪漫體質,6ONUHorGg4ZhD0z2LJjhnq,['林凡'],浪漫體質
48484,5Cx2d9x8vImaq0IdcjcJWF,Музыка,5Cx2d9x8vImaq0IdcjcJWF,['Кишлак'],Музыка
48486,2KtCMb66NGMNrGxWKU9OE5,這該死的拘執佮愛,2KtCMb66NGMNrGxWKU9OE5,['珂拉琪'],這該死的拘執佮愛
48726,0BnQh1Yot1W9qwgNQHYv9r,я неудачник,0BnQh1Yot1W9qwgNQHYv9r,['ПОЛМАТЕРИ'],я неудачник
48876,6SNXEbIkap8lN8cuDdjXox,思想犯,6SNXEbIkap8lN8cuDdjXox,['ヨルシカ'],思想犯
48893,18O3X0PmVps7R1JGMeIfph,يا ابن خماش,18O3X0PmVps7R1JGMeIfph,['محمد ال نجم المري'],يا ابن خماش
48931,6Kvwe50EXotvhdaJccs08d,你愛她,6Kvwe50EXotvhdaJccs08d,['張粹方'],你愛她
49066,2KHs47ickH5oYzTA9qMM4S,Вопросов нету,2KHs47ickH5oYzTA9qMM4S,['Платина'],Вопросов нету
49153,63DdxQToWxSdjNdCAf0YRV,放了自己 - 凡人Mortal LIVE Tour,63DdxQToWxSdjNdCAf0YRV,"['蕭秉治', '五月天 怪獸']",放了自己 - 凡人Mortal LIVE Tour
49244,5edzkjfuocYFnZjvoMuIkT,To Be Forgotten,5edzkjfuocYFnZjvoMuIkT,['柯智棠'],To Be Forgotten
49287,5I6HwLc0M8fKNahQvvs2vI,Любовь как спецэффект,5I6HwLc0M8fKNahQvvs2vI,['МОТ'],Любовь как спецэффект
49290,6P4SAsG3RuIeGymX2Qou9L,Седьмой лепесток,6P4SAsG3RuIeGymX2Qou9L,['Антон Токарев'],Седьмой лепесток
49328,3SJgTyb8a7z66suw0kBZ0T,失重前幸福,3SJgTyb8a7z66suw0kBZ0T,['艾薇'],失重前幸福
49561,7CG7wRsJPHpquZXTOJWyr7,單身也可以,7CG7wRsJPHpquZXTOJWyr7,"['李佳歡', '蔡恩雨']",單身也可以
49607,1uGAcPP52sofNzDMGCc08T,Марина Обойкина,1uGAcPP52sofNzDMGCc08T,['Кишлак'],Марина Обойкина
49612,0wRgHtaLt0CbQMt78EBALr,安九,0wRgHtaLt0CbQMt78EBALr,['老王樂隊'],安九
49618,3yDdBYJc55fW1l56EsOgeC,псы попадут в рай,3yDdBYJc55fW1l56EsOgeC,['ПОЛМАТЕРИ'],псы попадут в рай
50083,0OXRphqYGNn8ZSO2hdzqh3,Без бою,0OXRphqYGNn8ZSO2hdzqh3,['Вакарчук'],Без бою
50169,1JTqDdj7DWdSUSTX7sIQbm,溜浪,1JTqDdj7DWdSUSTX7sIQbm,['玖壹壹'],溜浪
50402,5UbcSIrI82eE4i7OndkyFG,СНЕГОМ,5UbcSIrI82eE4i7OndkyFG,['КОСМОНАВТОВ НЕТ'],СНЕГОМ
50410,2bUNPMLHaWamFhyVis7pLv,لاتعذر بالظروف,2bUNPMLHaWamFhyVis7pLv,['غريب ال مخلص'],لاتعذر بالظروف
50594,3gLBLSmqKSMys9kYcEFDbH,天使也會受傷,3gLBLSmqKSMys9kYcEFDbH,['小男孩樂團'],天使也會受傷
50672,7u4bbTSL7jLyVeUrWjJC9m,Я жизнь люблю...,7u4bbTSL7jLyVeUrWjJC9m,['Серебряная свадьба'],Я жизнь люблю...
50741,10PgSlNQ1h3M4xblTaPsRi,Воздух,10PgSlNQ1h3M4xblTaPsRi,['Куок'],Воздух
50789,2j4XBbuZzihIsP6ES5BTJC,أحسبك تمزح,2j4XBbuZzihIsP6ES5BTJC,['غريب ال مخلص'],أحسبك تمزح
50837,1rumZ9uea6Yf7kWIaqUWUm,reGeneration,1rumZ9uea6Yf7kWIaqUWUm,['Джизус'],reGeneration
51136,0aKl63MnUIVKkXlVtp2vLr,Утро,0aKl63MnUIVKkXlVtp2vLr,['Дайте танк (!)'],Утро
51437,03RC9uTRwLVhN1pm5OQ7Mb,芒种,03RC9uTRwLVhN1pm5OQ7Mb,"['音阙诗听, 赵方婧']",芒种
51653,1OgLQdSMi9a7fZOqV96veS,Пластинки,1OgLQdSMi9a7fZOqV96veS,['Дурной Вкус'],Пластинки
51950,5Gy8vRrST3td3W9ALb3M7Q,星之所向,5Gy8vRrST3td3W9ALb3M7Q,['小球(莊鵑瑛)'],星之所向
52229,7dRbhjIlIaAiEtjuDZvfWM,مسموح,7dRbhjIlIaAiEtjuDZvfWM,['بدر العزي'],مسموح
52289,3BQovj9k2YxPpsX2oO7Ric,تريد نرجع,3BQovj9k2YxPpsX2oO7Ric,['بندر بن عوير'],تريد نرجع
52330,6ihHuJiCsZxgTa75fs80x0,九年,6ihHuJiCsZxgTa75fs80x0,['潘裕文'],九年
52357,0YAx4SNmUulNBNhjjGSUjt,Быть с тобой,0YAx4SNmUulNBNhjjGSUjt,['Дора'],Быть с тобой
52466,3q4wYXlmczY9bLSzsLLxeX,محبوبي,3q4wYXlmczY9bLSzsLLxeX,['امطير بو خشيم'],محبوبي
52533,0VeqU67IWMth9LiVqrmzTq,最愛雨天,0VeqU67IWMth9LiVqrmzTq,['小男孩樂團'],最愛雨天
52808,2ojYzavGzTuRMtktEafqaW,喵電感應,2ojYzavGzTuRMtktEafqaW,['勸世寶貝喵喵'],喵電感應
52857,7EMthwt59xRDFnoVphTKY5,二次人生 (電影《二次人生》主題曲),7EMthwt59xRDFnoVphTKY5,['陳健安'],二次人生 (電影《二次人生》主題曲)
53021,4qiXjlrbBKtfHU034yerla,ภาพฝันในจักรวาล,4qiXjlrbBKtfHU034yerla,['เขียนไขและวานิช'],ภาพฝันในจักรวาล
53028,0Vhc1JVXDC91gB2egv4Tyl,جاوب علي,0Vhc1JVXDC91gB2egv4Tyl,['فلاح المسردي'],جاوب علي
53200,3LEhWXtzVIBFORQZYPXqNj,安静的稻草人,3LEhWXtzVIBFORQZYPXqNj,['吴大文'],安静的稻草人
53278,3RqKpwr0EukUJlD22mIlVP,一點一點,3RqKpwr0EukUJlD22mIlVP,"['張語噥', '采子']",一點一點
53281,5o48kuQnPwhuRAzO2t0bCU,我還年輕 我還年輕,5o48kuQnPwhuRAzO2t0bCU,['老王樂隊'],我還年輕 我還年輕
53389,0KdYKdppb9jFM7q1E0647B,替,0KdYKdppb9jFM7q1E0647B,['小球(莊鵑瑛)'],替
53402,6CAdXhq9d2XqtNaIsHDiQm,Я вб'ю всіх богів,6CAdXhq9d2XqtNaIsHDiQm,['хейтспіч'],Я вб'ю всіх богів
53517,57Lr60PK5PFRIHnL7lXlNV,碼頭姑娘 (鞏莉芳),57Lr60PK5PFRIHnL7lXlNV,['何夏'],碼頭姑娘 (鞏莉芳)
53535,4aMyR6uBgBIoPhN9xOgQaU,聽見下雨的聲音,4aMyR6uBgBIoPhN9xOgQaU,['演奏曲'],聽見下雨的聲音
53645,24j7XAIMiJKSePO6YkNa5I,готика,24j7XAIMiJKSePO6YkNa5I,['вышел покурить'],готика
53656,48lsRmp9AC6tU4rP9QJx4H,Partner,48lsRmp9AC6tU4rP9QJx4H,['有華'],Partner
53733,3wJHCry960drNlAUGrJLmz,ただ君に晴れ,3wJHCry960drNlAUGrJLmz,['ヨルシカ'],ただ君に晴れ
53739,4q64nWPqTWIVHGHidRaSUm,ピアス,4q64nWPqTWIVHGHidRaSUm,['クボタカイ'],ピアス
53746,6GHtwlinVZbmvBoHhgMRrg,"каждый, кто делал тебе больно",6GHtwlinVZbmvBoHhgMRrg,"['забей, лерочка']","каждый, кто делал тебе больно"
53798,1OTkBssUemEQ5TeaNNXqzB,絕美,1OTkBssUemEQ5TeaNNXqzB,['艾薇'],絕美
53847,1Th5OKptRHikhJ43mU4CSZ,半空,1Th5OKptRHikhJ43mU4CSZ,['劉以豪'],半空
53945,0n36ziYiX2ps81SzlVy4Nb,最難的是相遇,0n36ziYiX2ps81SzlVy4Nb,['吳青峰'],最難的是相遇
54459,5Ae1wU25P5C4ObH1Xa3GmV,المحازم,5Ae1wU25P5C4ObH1Xa3GmV,['غريب ال مخلص'],المحازم
54516,3IayLWyq4VBOLL7T8wZq8n,落寞(魚版),3IayLWyq4VBOLL7T8wZq8n,['魚丁糸'],落寞(魚版)
54679,6F9yDb4e33URT8BaO3Gw6s,Love Message - เพลงประกอบละคร รักฉุดใจนายฉุกเฉิน,6F9yDb4e33URT8BaO3Gw6s,"['ซันนี่ สุวรรณเมธานนท์', 'สกาย วงศ์รวี']",Love Message - เพลงประกอบละคร รักฉุดใจนายฉุกเฉิน
54751,1AuUsvFyFnf2l3E6HKUHO2,Втюрилась,1AuUsvFyFnf2l3E6HKUHO2,['Дора'],Втюрилась
54801,7sRYDTjWTX00fd9BCOflLo,ホワイトキス,7sRYDTjWTX00fd9BCOflLo,['鈴木鈴木'],ホワイトキス
54984,2O1KiTpzTrQ1AEY1LHvIku,молодая красивая дрянь,2O1KiTpzTrQ1AEY1LHvIku,['алёна швец.'],молодая красивая дрянь
55083,1uLVyBNEhtxsPZQpj7XcZW,丟了你,1uLVyBNEhtxsPZQpj7XcZW,['井朧'],丟了你
55645,4gRcYif6ToEAjERR9ogZiQ,Soufflé,4gRcYif6ToEAjERR9ogZiQ,['許光漢'],Soufflé
55656,2lhAnLFHFTOvPPGCK215yS,Не си ти,2lhAnLFHFTOvPPGCK215yS,"['Константин', 'Алисия']",Не си ти
55780,7ww5EYau8o2QrUTrLKFZ1m,Сан Ларан,7ww5EYau8o2QrUTrLKFZ1m,['Платина'],Сан Ларан
55892,46676b6dbunL2OgPGQw5sv,Трахаца,46676b6dbunL2OgPGQw5sv,['ЛЯЛЬКА'],Трахаца
55922,6l9EFKS7o70biAyVkPuV2s,خلوني لحالي,6l9EFKS7o70biAyVkPuV2s,['مونستر'],خلوني لحالي
55958,6McFwtM0NucXFlY0Ah7H7r,藍色小貨車,6McFwtM0NucXFlY0Ah7H7r,['宋楚琳'],藍色小貨車
56029,5VOgXIIDg9cyQ3VMXgH3a3,انا نجم - من مسلسل ريفو,5VOgXIIDg9cyQ3VMXgH3a3,['ريفو شو'],انا نجم - من مسلسل ريفو
56182,5JAgoN0ZK8uIZXtFj1pxrR,NAVY,5JAgoN0ZK8uIZXtFj1pxrR,['上野大樹'],NAVY
56233,2qlUhwv6Hqx5ZZHCucRlGF,與我無關,2qlUhwv6Hqx5ZZHCucRlGF,['阿冗'],與我無關
56294,4tPB6H0QcK4bDib8iauE28,первое свидание,4tPB6H0QcK4bDib8iauE28,['алёна швец.'],первое свидание
56498,5HbFSEy7XPxGDrRoaLZDXs,Не стій під вікном,5HbFSEy7XPxGDrRoaLZDXs,['Руся'],Не стій під вікном
56527,2CylRr6uTTyVUX3GwAFLbY,故作完美,2CylRr6uTTyVUX3GwAFLbY,['張語噥'],故作完美
56602,3VeWIV9WTXUl8PcOusFjYv,Я уёбываю в джаз,3VeWIV9WTXUl8PcOusFjYv,['Кишлак'],Я уёбываю в джаз
56799,3rzmAXXnpqnPRCNk9exawQ,Тёмно-оранжевый закат,3rzmAXXnpqnPRCNk9exawQ,['Папин Олимпос'],Тёмно-оранжевый закат
56823,0cItyj95uqYjvYGchMLzIh,Тает лёд,0cItyj95uqYjvYGchMLzIh,['Грибы'],Тает лёд
56891,1MRRjWwqBUyoD9dC11sZ4S,像魚,1MRRjWwqBUyoD9dC11sZ4S,['王貳浪'],像魚
56920,3t73wmrzv6atPzr5ITDkc3,再見,3t73wmrzv6atPzr5ITDkc3,['林凡'],再見
57007,3opvzEeKvkWEKi0TV2ePbC,春ひさぎ,3opvzEeKvkWEKi0TV2ePbC,['ヨルシカ'],春ひさぎ
57017,3UNnCf5rqnVbWvGDNs2Bup,最好的時光,3UNnCf5rqnVbWvGDNs2Bup,['安溥'],最好的時光
57022,7H45pMwQ5Tk5YQfGMFnqxx,你老了,7H45pMwQ5Tk5YQfGMFnqxx,['黃小琥'],你老了
57179,4caEPudXQ1xDd1garjHPFv,Like That,4caEPudXQ1xDd1garjHPFv,['吴亦凡'],Like That
57277,69UUy8TKlV6Aj3QPbwumm6,Рамбо,69UUy8TKlV6Aj3QPbwumm6,['Илиян'],Рамбо
57528,39n67cXyRAQkZPoF5LF91N,قربانو قربانو,39n67cXyRAQkZPoF5LF91N,['عمر سليمان'],قربانو قربانو
57610,65kTdhS37pIhTa0WZoTCGM,一人來一人去,65kTdhS37pIhTa0WZoTCGM,['胡學軒'],一人來一人去
57653,3ZFVeCXj8AObAbliXN1HKa,Аквадискотека,3ZFVeCXj8AObAbliXN1HKa,['лиззка'],Аквадискотека
57670,3PTrVhOpgCSjjbuTCF2lFz,寂寞留白 (電影《揚名立萬》推廣曲),3PTrVhOpgCSjjbuTCF2lFz,['告五人'],寂寞留白 (電影《揚名立萬》推廣曲)
57733,4QWSICaQ6LGmcS8qX9lNVh,你的答案,4QWSICaQ6LGmcS8qX9lNVh,['阿冗'],你的答案
57807,5x67EAHDrso2bSXy5HWx0j,勝たんしか症候群,5x67EAHDrso2bSXy5HWx0j,['たかやん'],勝たんしか症候群
57843,7njyZ2po8G5XMmPa5j3kfj,Ходына,7njyZ2po8G5XMmPa5j3kfj,['Канги'],Ходына
57909,0XvWTq43VMIxNAsUZHV8Hb,เลิกคุยทั้งอำเภอเพื่อเธอคนเดียว,0XvWTq43VMIxNAsUZHV8Hb,"['ลิลลี่ ได้หมดถ้าสดชื่น', 'เก้า เกริกพล']",เลิกคุยทั้งอำเภอเพื่อเธอคนเดียว
58006,3c28ianiaN3cKF0LejOQru,ادموع عيني,3c28ianiaN3cKF0LejOQru,['فالح الطوق'],ادموع عيني
58045,07OqyOeHz7LOGVuXUx4pr3,Сан Ларан,07OqyOeHz7LOGVuXUx4pr3,"['Платина', 'Дора']",Сан Ларан
58274,2kzff5Gb3rRp34M57HJqhg,東京VICTORY,2kzff5Gb3rRp34M57HJqhg,['サザンオールスターズ'],東京VICTORY
58294,3rSZfgiCSmuG9cqWSm7Wiz,Rush,3rSZfgiCSmuG9cqWSm7Wiz,['佛跳牆'],Rush
58351,6LOP8nbFXFydvDELLs1uss,難道我還未夠難,6LOP8nbFXFydvDELLs1uss,['葉巧琳'],難道我還未夠難
58395,5BPINlBbMGpHu0S79efirq,Один,5BPINlBbMGpHu0S79efirq,['Вектор А'],Один
58456,5poJi9KfMINtm0sZ06nSoD,‎يا ابن خماش,5poJi9KfMINtm0sZ06nSoD,['محمد آل نجم'],‎يا ابن خماش
58540,14GFYAUxkeXranhS2qrYIZ,我想要佔據你,14GFYAUxkeXranhS2qrYIZ,['告五人'],我想要佔據你
58672,3gVz5KKo9OEdgs9RxnyUF2,"Оставь меня одну - For ""Пацанки""",3gVz5KKo9OEdgs9RxnyUF2,['просто Лера'],"Оставь меня одну - For ""Пацанки"""
58696,1xwDjxLlGNxXiHYqltJvpH,дети немой страны,1xwDjxLlGNxXiHYqltJvpH,['конец солнечных дней'],дети немой страны
58896,6amqVV3gPQHSo5IAmve2Wh,願榮光歸香港,6amqVV3gPQHSo5IAmve2Wh,['湯瑪仕與眾香港人'],願榮光歸香港
59101,2bLphDJvGyfjPbmxs7V4rX,習慣不習慣,2bLphDJvGyfjPbmxs7V4rX,['理想混蛋 雞丁'],習慣不習慣
59175,5yZCsL6wNFtUNAomeWTQJZ,老人と海,5yZCsL6wNFtUNAomeWTQJZ,['ヨルシカ'],老人と海
59193,0GhGWqedLDtuNlNIJIlTC3,В Клубе,0GhGWqedLDtuNlNIJIlTC3,['Платина'],В Клубе
59312,63N9fNPJ5kkbvtntCwgIbm,能不能和我留在台北(陪我幾天),63N9fNPJ5kkbvtntCwgIbm,['冰球樂團'],能不能和我留在台北(陪我幾天)
59316,2jqQvrn8z1fY0l0Seek4WZ,逃離演算法,2jqQvrn8z1fY0l0Seek4WZ,['守夜人'],逃離演算法
59657,6i7ClRz74l4OWXX5Kqda8S,我們背對著青春,6i7ClRz74l4OWXX5Kqda8S,['輕晨電'],我們背對著青春
59667,1iEimCc0ZeeJcsRzTMMFM1,عراقي حزين - روح الله لايردك - قالولي يحب غيرك,1iEimCc0ZeeJcsRzTMMFM1,['فضفضه'],عراقي حزين - روح الله لايردك - قالولي يحب غيرك
59714,0k3bi6j9DkFRymBA1yuLqp,Я так хочу,0k3bi6j9DkFRymBA1yuLqp,['Вакарчук'],Я так хочу
59835,2b5CS01QECfqKE25e0vF0V,会いたいな,2b5CS01QECfqKE25e0vF0V,['手がクリームパン'],会いたいな
59840,2rJDC0Kvchi51ZRs2TLokP,Добровольці,2rJDC0Kvchi51ZRs2TLokP,['хейтспіч'],Добровольці
59879,1h3vUbsbEwVlWWEfWY0w05,最差不過是孤獨,1h3vUbsbEwVlWWEfWY0w05,['賴偉鋒'],最差不過是孤獨
60745,06h6dQDVdXjnIOXGXabW02,خطوة اجباري,06h6dQDVdXjnIOXGXabW02,"['نور النبوي', 'عطار']",خطوة اجباري
60809,76WDi8CjS2AE3pCc9a5dxU,Осень пьяная,76WDi8CjS2AE3pCc9a5dxU,['Дора'],Осень пьяная
60955,4ZOjdqmXLuwHDQUn9WWoFR,Зелёный глаз,4ZOjdqmXLuwHDQUn9WWoFR,['Минин'],Зелёный глаз
61268,6QAn6Crff7sfcqC83fH7dd,"不曾回來過 - 電視劇""通靈少女""插曲",6QAn6Crff7sfcqC83fH7dd,['李千那'],"不曾回來過 - 電視劇""通靈少女""插曲"
61272,0xvN27K4rgGQBrjX6ZR1rr,тачки четыре,0xvN27K4rgGQBrjX6ZR1rr,['ПОЛМАТЕРИ'],тачки четыре
61279,66FrZXz8DWPFMIUwg2ext7,Бросишь меня,66FrZXz8DWPFMIUwg2ext7,['Канги'],Бросишь меня
61461,2URSYgEsnXj4NfOFUL4xN7,ابتسم لي,2URSYgEsnXj4NfOFUL4xN7,['عبدالله ال فروان'],ابتسم لي
61664,7z5d2KNHm2prczVHmSdWBz,вредина,7z5d2KNHm2prczVHmSdWBz,['алёна швец.'],вредина
61975,0jpP8AlQLVtaMwA3vQYpYB,青春コンプレックス,0jpP8AlQLVtaMwA3vQYpYB,['結束バンド'],青春コンプレックス
62014,27FOde2nUw0pFuj7hlPbaS,愛人錯過,27FOde2nUw0pFuj7hlPbaS,['告五人'],愛人錯過
62055,0L1E2JmrZk6QU9261PtJWQ,アルジャーノン,0L1E2JmrZk6QU9261PtJWQ,['ヨルシカ'],アルジャーノン
62134,7tgzj2IqzSgUpxUhjmcF5m,披星戴月的想你,7tgzj2IqzSgUpxUhjmcF5m,['告五人'],披星戴月的想你
62350,5nVrrh7PIybgCb7SoM5IZB,醜人多作怪 (《新斗羅大陸》手遊半週年主題曲),5nVrrh7PIybgCb7SoM5IZB,['告五人'],醜人多作怪 (《新斗羅大陸》手遊半週年主題曲)
62457,6ovyOMBYvXpXo1dCWKFNG6,شيلة مطنوخ يا جعلك ذخر,6ovyOMBYvXpXo1dCWKFNG6,['معاذ الحربي'],شيلة مطنوخ يا جعلك ذخر
62509,6xT8RMc5S88Rfs82YZwmXm,فتش فتش,6xT8RMc5S88Rfs82YZwmXm,['احمد الدوجري'],فتش فتش
62817,6ugXhTS6ftFdDaqtKp4iOv,可不可以,6ugXhTS6ftFdDaqtKp4iOv,['李祥祥'],可不可以
62945,2ykzqzihd8iBPlPp21prEw,На удачу,2ykzqzihd8iBPlPp21prEw,['Джизус'],На удачу
63078,3C0AttK2WtXYoLhZQxlj1X,حرام,3C0AttK2WtXYoLhZQxlj1X,['سجاد حقي'],حرام
63622,5ujzXla4Duu88FPpfJM9xB,"愛,存在",5ujzXla4Duu88FPpfJM9xB,['魏奇奇'],"愛,存在"
63784,51K6oQ8WNneTfUaaQnzQdq,Почему ты еще не фанат?,51K6oQ8WNneTfUaaQnzQdq,['СЕРЕГА ПИРАТ'],Почему ты еще не фанат?
63958,4TYG4KtCYf5BtUrKTszSih,Отпускай,4TYG4KtCYf5BtUrKTszSih,['Три дня дождя'],Отпускай
63971,5x6ZWNVYuGnaiyFRw61fvH,Очерет,5x6ZWNVYuGnaiyFRw61fvH,['Схожа'],Очерет
64053,298CJsrcLojsVyCfW8QdNp,你還好著嗎,298CJsrcLojsVyCfW8QdNp,['鄭興琦'],你還好著嗎
64054,2kvjuJdmaUAzCTi0MbyW7t,小幸运,2kvjuJdmaUAzCTi0MbyW7t,['陳以桐'],小幸运
64082,7x6lrNeqx7bi981vmElWj2,Вино и сигареты,7x6lrNeqx7bi981vmElWj2,['алёна швец.'],Вино и сигареты
64109,1nfg7drkoCccY1qKr8CDpA,过客,1nfg7drkoCccY1qKr8CDpA,['阿涵'],过客
64179,0kWUppVLq3IIvXjq36v8EU,假裝沒變過,0kWUppVLq3IIvXjq36v8EU,['颜人中'],假裝沒變過
64314,0UkOhWbpZxs4RYshYi6lKt,سويها لله,0UkOhWbpZxs4RYshYi6lKt,['بندر بن عوير'],سويها لله
64350,7cnUN2rlnIQEi1fCBqyhgv,迷幻,7cnUN2rlnIQEi1fCBqyhgv,['吳青峰'],迷幻
64358,60nwK1iMgnFCznF6FiNfts,青春コンプレックス,60nwK1iMgnFCznF6FiNfts,['結束バンド'],青春コンプレックス
64447,55JUHaPNZx471XdFbaSn43,会いたいよ,55JUHaPNZx471XdFbaSn43,['手塚 翔太'],会いたいよ
64466,0csQxHJEzcEMAOvQgDAy1J,瘟疫在愛蔓延時,0csQxHJEzcEMAOvQgDAy1J,['區子琳'],瘟疫在愛蔓延時
64542,4pfjFUrtfnnkADqijqKmzP,ฉันคือนักสะสมความเศร้า,4pfjFUrtfnnkADqijqKmzP,['เรนิษรา'],ฉันคือนักสะสมความเศร้า
64595,4C8HeRXUcCbNGP9j7qCIs5,Тени от пальм,4C8HeRXUcCbNGP9j7qCIs5,['Второй Ка'],Тени от пальм
64641,0uvjPVyOj050b6n60pxf2z,好喜歡你,0uvjPVyOj050b6n60pxf2z,['颜人中'],好喜歡你
64680,5D2WASS9vNVkvOBvKlaCLF,تركي عبدالله - سبحانه مغير الاحوال,5D2WASS9vNVkvOBvKlaCLF,['تركي عبد الله'],تركي عبدالله - سبحانه مغير الاحوال
64841,1R6NyMrOvwexREG2CC1Xkk,"ข้างเธอ - From ""TharnType SS2 7 years of love""",1R6NyMrOvwexREG2CC1Xkk,['อ๊อฟ ชัยนนท์'],"ข้างเธอ - From ""TharnType SS2 7 years of love"""
65054,0LROEVdiSeGOpxSqWH2UJf,ولا تزعل,0LROEVdiSeGOpxSqWH2UJf,['غريب ال مخلص'],ولا تزعل
65173,6p7NF2s3P5QqySsotfkULH,ชอบแบบนี้,6p7NF2s3P5QqySsotfkULH,['หนามเตย สะแบงบิน'],ชอบแบบนี้
65192,0lk8GaCBo5UmCtyzzFQgFf,告白气球,0lk8GaCBo5UmCtyzzFQgFf,['陳以桐'],告白气球
65247,29zNAJ2drEjps4xztr8LbN,منحرم وصلك,29zNAJ2drEjps4xztr8LbN,['بندر بن عوير'],منحرم وصلك
65356,7pRU5CmUv2xCeck50kYDIK,我沒有走開,7pRU5CmUv2xCeck50kYDIK,['李崗霖'],我沒有走開
65367,05OUvoE7Coo5LDF8D8bPt0,خلك قريب,05OUvoE7Coo5LDF8D8bPt0,"['بدر العزي', 'سلطان الفهادي']",خلك قريب
65451,3CYnPOi1L7ra4E9LQHDUmQ,счастливы вместе,3CYnPOi1L7ra4E9LQHDUmQ,"['ПОЛМАТЕРИ', 'нексюша']",счастливы вместе
65589,3h7VvetIBrLtqmPHp7yFT3,مرحب يالي تسمع فينا,3h7VvetIBrLtqmPHp7yFT3,['سـعـداوى القطعانى'],مرحب يالي تسمع فينا
65828,3V2v19gDm4rmRkMwcgS4X2,有些,3V2v19gDm4rmRkMwcgS4X2,['颜人中'],有些
65894,6XvNBS4XgCeZ9oHi76MBt8,無關拯救的事,6XvNBS4XgCeZ9oHi76MBt8,['柯智棠'],無關拯救的事
65922,5eDJH4MfpRQM9S9WTiu7yU,11 (with Hooleeger),5eDJH4MfpRQM9S9WTiu7yU,"['队长', '黃禮格']",11 (with Hooleeger)
66104,6z3YOQOy0xG0qpuGeVh4G5,刺青,6z3YOQOy0xG0qpuGeVh4G5,['肖懿航'],刺青
66460,0rMQ6rYjBveWB14UWapbL5,Патамушка,0rMQ6rYjBveWB14UWapbL5,['Мэвл'],Патамушка
66490,2PkErrvrjQry3l1IhhJsor,我也難過的,2PkErrvrjQry3l1IhhJsor,['吳林峰'],我也難過的
66506,56QGnilGuedEJSzkIoU8dm,靈魂伴侶 - 粵語版,56QGnilGuedEJSzkIoU8dm,['黃齡'],靈魂伴侶 - 粵語版
66524,7814A6b0x5ykvjv0SNH0Q8,真的假的,7814A6b0x5ykvjv0SNH0Q8,['陶晶瑩'],真的假的
66538,05yDoVDvARdRQCzDNNd6a1,时光洪流,05yDoVDvARdRQCzDNNd6a1,['程响'],时光洪流
66570,1kLxQJLEyMXdy3RFj5x9Lh,انا غلط وانت صح,1kLxQJLEyMXdy3RFj5x9Lh,['مسلم'],انا غلط وانت صح
66755,3QxWTqyIT4O9bokIZlNDpo,小半,3QxWTqyIT4O9bokIZlNDpo,['陳粒'],小半
66915,0NHsxQj4j6gPz8PdRc5KKh,失重前幸福,0NHsxQj4j6gPz8PdRc5KKh,['艾薇'],失重前幸福
66969,3bSKCiMBqevLYJpL6OqWtk,ابغاه الحين,3bSKCiMBqevLYJpL6OqWtk,['غريب ال مخلص'],ابغاه الحين
67225,30SOtlJHIX1zGt3Nch0TYr,Catwalk,30SOtlJHIX1zGt3Nch0TYr,"['鳥屎', '蔡昀熹', '阿樂']",Catwalk
67295,6PPrI7Mywr44qHwzMyE6od,捱麵包的人,6PPrI7Mywr44qHwzMyE6od,['吳林峰'],捱麵包的人
67297,2Qxaglvzsc0129JB4O0XCF,我反芻著你留下的寂寞,2Qxaglvzsc0129JB4O0XCF,['理想混蛋'],我反芻著你留下的寂寞
67531,70wKI9WP10zLCIx8Z7iHMs,ร้องไห้จนเบลอและเผลอลืมตัวเอง,70wKI9WP10zLCIx8Z7iHMs,['เรนิษรา'],ร้องไห้จนเบลอและเผลอลืมตัวเอง
67565,2nhI5HdE2iZ39rgJjHOQvG,เกินปุยมุ้ย!,2nhI5HdE2iZ39rgJjHOQvG,['เอ้ย จิรัช'],เกินปุยมุ้ย!
67663,02xwA3Ej9NPetftp9V7VZ3,好きだから。,02xwA3Ej9NPetftp9V7VZ3,['『ユイカ』'],好きだから。
67768,7yCJRKbAJ7bsVqKd7CaQnE,人群中,7yCJRKbAJ7bsVqKd7CaQnE,['颜人中'],人群中
67820,3yHwc6Ca2uqoBNu4ViGPlV,猥瑣,3yHwc6Ca2uqoBNu4ViGPlV,['吳保錡'],猥瑣
67830,7CTkmBM1Ff1lc35v0rcD24,ياروح الروح,7CTkmBM1Ff1lc35v0rcD24,['غريب ال مخلص'],ياروح الروح
67887,761FuTKxZKKXZi3gkVKsy1,我要用黑魔法把你變成一隻魚,761FuTKxZKKXZi3gkVKsy1,['理想混蛋'],我要用黑魔法把你變成一隻魚
67929,1y7wArtYdwMin7fG9jhg4d,وش جابك قلي وش جابك,1y7wArtYdwMin7fG9jhg4d,['جودي الحوتي'],وش جابك قلي وش جابك
67957,4NlMDn0jS8CVRKeQCe1LEe,不求,4NlMDn0jS8CVRKeQCe1LEe,['楊培安'],不求
68185,0IPp0VMV7ixMXRv5m5GeLW,我不要多幸福,0IPp0VMV7ixMXRv5m5GeLW,['陶晶瑩'],我不要多幸福
68213,0qU4HbHoRTjdggQ2gVP2eA,Last Summer,0qU4HbHoRTjdggQ2gVP2eA,['влад пиво'],Last Summer
68497,2VEt42QSQxILgEf9B50xxm,不是因為天氣晴朗才愛你,2VEt42QSQxILgEf9B50xxm,['理想混蛋'],不是因為天氣晴朗才愛你
68565,7IqGWjeecrYBGGjqh83tTe,Я умираю для тебя,7IqGWjeecrYBGGjqh83tTe,['Джизус'],Я умираю для тебя
68620,14unQKjpqEw9vMni5WwX66,枯萎的玫瑰,14unQKjpqEw9vMni5WwX66,['老王樂隊'],枯萎的玫瑰
68674,5SkGrGiAkFtEjgb7BLCD29,العجله بدات تدور,5SkGrGiAkFtEjgb7BLCD29,['حمو الطيخه'],العجله بدات تدور
68741,3dEXhWQRe9jPXEAh33ppuy,我在愛情的盡頭看見了你和我,3dEXhWQRe9jPXEAh33ppuy,['老王樂隊'],我在愛情的盡頭看見了你和我
69001,0upDZETLFHS16pqa9KMZ6d,مامنك اثنين,0upDZETLFHS16pqa9KMZ6d,"['محمد ال دلبج', 'الوليد ال عامر']",مامنك اثنين
69075,4yVble3Nm0b29LcHoKIH2i,颜料,4yVble3Nm0b29LcHoKIH2i,['颜人中'],颜料
69200,4yJIECgIOgowfgAkPyvo2c,一天 (電視劇《想見你》插曲),4yJIECgIOgowfgAkPyvo2c,['黃宣'],一天 (電視劇《想見你》插曲)
69265,5zxcT2AyKIkAYTPEWbvhDR,一切安好,5zxcT2AyKIkAYTPEWbvhDR,['吳林峰'],一切安好
69295,3rpi29kD9YUDwXz1yhjS7Q,Люди,3rpi29kD9YUDwXz1yhjS7Q,['Дайте танк (!)'],Люди
69307,5WeLzVi9RxI22FrvtVKRSW,癡心無名氏,5WeLzVi9RxI22FrvtVKRSW,['艾薇'],癡心無名氏
69310,7DinoeOxAStfqDctByUEOk,野子,7DinoeOxAStfqDctByUEOk,['苏运莹'],野子
69438,007tbArpeenE3cbJU5I3PL,ブレーメン,007tbArpeenE3cbJU5I3PL,['ヨルシカ'],ブレーメン
69519,4wMjix3cEORu8lmsP8KzBw,四年一遇 (Viu TV 劇集《二月廿九》主題曲),4wMjix3cEORu8lmsP8KzBw,['徐天佑'],四年一遇 (Viu TV 劇集《二月廿九》主題曲)
69597,0icosiziMwmTAveFe9TKdJ,親密,0icosiziMwmTAveFe9TKdJ,['潘裕文'],親密
69653,1OGfogSzNgcmfZTblG7bi5,我好想好想你,1OGfogSzNgcmfZTblG7bi5,['蕭秉治'],我好想好想你
69669,332JydZv9waticOQHBiCFl,遇到,332JydZv9waticOQHBiCFl,['方雅賢'],遇到
69750,5VymCvfV0FguCa7zrIPSgk,毒藥,5VymCvfV0FguCa7zrIPSgk,['蕭秉治'],毒藥
69751,7Li8KIFNOThH4ewuHzd4lR,Night Light,7Li8KIFNOThH4ewuHzd4lR,['守夜人'],Night Light
69796,12kHJ5vjIV1itd0LUCcVUp,Подозрительно,12kHJ5vjIV1itd0LUCcVUp,['Три дня дождя'],Подозрительно
69950,4yhrhOqs1OCQj5zG8cZkf2,又不小心想起了你,4yhrhOqs1OCQj5zG8cZkf2,['陳珮茹'],又不小心想起了你
70169,1X5fo2YbPJ68TDbiuF0xqO,微雨,1X5fo2YbPJ68TDbiuF0xqO,['邵雨薇'],微雨
70241,4ikCWgaaGLKgb724CUNnqZ,глаза не врут,4ikCWgaaGLKgb724CUNnqZ,['Кореш'],глаза не врут
70383,0IZrLRrQX6O5hrPPAvLrnr,幸福之前,0IZrLRrQX6O5hrPPAvLrnr,['林凡'],幸福之前
70409,7eRQKOB4BcBa6wjp0DDsIY,Лирика,7eRQKOB4BcBa6wjp0DDsIY,['Вектор А'],Лирика
70414,1H6gLIQOQSPk5RErPxWoKp,Все эти деньги сразу,1H6gLIQOQSPk5RErPxWoKp,['Платина'],Все эти деньги сразу
70476,1krrHDSNdYqSa3gYz6h0jr,SE-NO,1krrHDSNdYqSa3gYz6h0jr,['慢慢說'],SE-NO
70568,154Jycdld9dX9rBLE6L3v4,寄り酔い,154Jycdld9dX9rBLE6L3v4,['和ぬか'],寄り酔い
70642,6C3nzX8ltQ0AlmPVm5HHam,العاشق الهايم,6C3nzX8ltQ0AlmPVm5HHam,['علي هشلان'],العاشق الهايم
70656,0e1tfuK9btbDxK0bCBd5Md,重播,0e1tfuK9btbDxK0bCBd5Md,['張傑'],重播
70767,5SJIT3JN0GFFhcWhKojTIq,Geet,5SJIT3JN0GFFhcWhKojTIq,['عطار'],Geet
70843,2mgoPTVrwGyXfeZzKHat2F,在就好了 - 電視劇【翻牆的記憶】插曲,2mgoPTVrwGyXfeZzKHat2F,['陳欣斈'],在就好了 - 電視劇【翻牆的記憶】插曲
70951,6qDBYI3gkJtvSeP9DijiFe,定格 - 電視劇《一生一世》插曲,6qDBYI3gkJtvSeP9DijiFe,['颜人中'],定格 - 電視劇《一生一世》插曲
71113,3E1GTj2IVMX9FHiKr1i5Sf,يامرحباً حياكم الله,3E1GTj2IVMX9FHiKr1i5Sf,['محمد ال نجم المري'],يامرحباً حياكم الله
71135,2jvMZOkqNLrxbLeHIsJ7fk,回不去的回憶 - 三立/台視神幻旗艦大戲《天巡者》插曲,2jvMZOkqNLrxbLeHIsJ7fk,['小男孩樂團'],回不去的回憶 - 三立/台視神幻旗艦大戲《天巡者》插曲
71300,5OntoklfrEOYrEJYx93waE,Сен Туралы,5OntoklfrEOYrEJYx93waE,['Жугунусов Мирас'],Сен Туралы
71425,1DK5nDlc0U8I7g5Ydinjv3,我在原地等你,1DK5nDlc0U8I7g5Ydinjv3,['吳青峰'],我在原地等你
71499,6p9KkBAfxdiulHJWBBj5OK,Опианариум,6p9KkBAfxdiulHJWBBj5OK,['Автостопом по фазе сна'],Опианариум
71551,02BXaODp3zwck4zCSlalGI,柔軟,02BXaODp3zwck4zCSlalGI,['吳青峰'],柔軟
71670,7xv1df9mhiy8JyPvaUW61f,別再想見我,7xv1df9mhiy8JyPvaUW61f,['許光漢'],別再想見我
71800,2nZaW3Mboec0ndSMgKHQ5v,Маскарад,2nZaW3Mboec0ndSMgKHQ5v,['МБТ'],Маскарад
71829,6VYs9NInduwKl1TBLfeSdy,阿拉斯加海湾,6VYs9NInduwKl1TBLfeSdy,['菲道尔'],阿拉斯加海湾
72065,4QbQRgSWbCxxgVDoNhoxy4,Таблетки,4QbQRgSWbCxxgVDoNhoxy4,['Автостопом по фазе сна'],Таблетки
72080,0jnDl8pm20nRBkXzMgL5Fv,帶你飛,0jnDl8pm20nRBkXzMgL5Fv,['告五人'],帶你飛
72086,4WxDs4zk8fs9ZpmmwPANns,две девочки,4WxDs4zk8fs9ZpmmwPANns,['алёна швец.'],две девочки
72102,31ZHCGMazXmQuycsW4hLsv,ليش يا قلبي,31ZHCGMazXmQuycsW4hLsv,['علي خالد'],ليش يا قلبي
72256,5a4nAAUsS2jfMZIThg9V4S,再會中港路,5a4nAAUsS2jfMZIThg9V4S,['玖壹壹'],再會中港路
72415,2amKr8lASknLhz7lW49xyy,如果你也聽說 (國),2amKr8lASknLhz7lW49xyy,['洪杰'],如果你也聽說 (國)
72589,5mLKKyW4xXV9MsHdEFcR0l,Луда по тебе,5mLKKyW4xXV9MsHdEFcR0l,['Камелия'],Луда по тебе
72647,7yZMTFgZKb1EFNKYSai1yS,شايفنى بس مش شايفك,7yZMTFgZKb1EFNKYSai1yS,"['مودي امين', 'حمو الطيخا']",شايفنى بس مش شايفك
72693,0HjYtfJJtm4n1gX42DNt3Y,Твоим морем,0HjYtfJJtm4n1gX42DNt3Y,['Нервы'],Твоим морем
72701,3l8rIBKJUDQFqQfKvcpQ1w,Distortion!!,3l8rIBKJUDQFqQfKvcpQ1w,['結束バンド'],Distortion!!
72765,5mHgUdUiaLYXyCLzbOfhfD,بنت ابويا,5mHgUdUiaLYXyCLzbOfhfD,['هناء يسري'],بنت ابويا
72881,7MBpIcTE8HZOCbIDbnFIqd,กอดเสาเถียง (Story จักรวาลไทบ้าน) (เซิ้ง Music),7MBpIcTE8HZOCbIDbnFIqd,['ปรีชา ปัดภัย'],กอดเสาเถียง (Story จักรวาลไทบ้าน) (เซิ้ง Music)
72949,3IP4qSMfGeqI2XqHFf25sj,芒种,3IP4qSMfGeqI2XqHFf25sj,"['音阙诗听', '赵方婧']",芒种
73120,57wA48MqGZYkJ4RwzP1uuW,一個人的晚安,57wA48MqGZYkJ4RwzP1uuW,['過又嘉'],一個人的晚安
73209,66FaIUswuxeuGnRpIhAcjj,Supermarket,66FaIUswuxeuGnRpIhAcjj,['влад пиво'],Supermarket
73324,5D7Qrss3IGunqdzSyxptam,I Am The Man,5D7Qrss3IGunqdzSyxptam,['周汤豪'],I Am The Man
73560,7B66zCNP5kP7FkNYMRrZwW,失眠飞行,7B66zCNP5kP7FkNYMRrZwW,"['接个吻,开一枪', '沈以誠', '薛黛霏']",失眠飞行
73718,5j2ZXeUcjGWYdk1PQ4DvLs,絕地花園,5j2ZXeUcjGWYdk1PQ4DvLs,"['理想混蛋', '廖文強']",絕地花園
73768,3g5BfaRgPAuOmGZb4CH21T,願榮光歸香港(進行曲版) - March Version,3g5BfaRgPAuOmGZb4CH21T,['湯瑪仕與眾香港人'],願榮光歸香港(進行曲版) - March Version
73965,393CkUgYBG7l3hZKvZZmdf,Перезаряжай,393CkUgYBG7l3hZKvZZmdf,['Три дня дождя'],Перезаряжай
73972,5hcWlcZE9vFMeaFaTjo1Zf,Night Diver,5hcWlcZE9vFMeaFaTjo1Zf,['三浦春馬'],Night Diver
74299,2SoropeYCGbI2G2yYF57gG,ใช่หรือเปล่า,2SoropeYCGbI2G2yYF57gG,"['เต้ ดาวิชญ์ กรีพลฤกษ์', 'ตี๋ ธนพล จารุจิตรานนท์']",ใช่หรือเปล่า
74354,21uZa2eICTyBbt8ENa555E,和你飛,21uZa2eICTyBbt8ENa555E,['香港人'],和你飛
74465,5orleRbppkiRp9cj3rOiym,不在乎,5orleRbppkiRp9cj3rOiym,['張語噥'],不在乎
74490,4bUcMJkEurAb5BewA1MKUd,Imago,4bUcMJkEurAb5BewA1MKUd,['Куок'],Imago
74520,7w1taFiEu8GGQJkzQaEWpx,チノカテ,7w1taFiEu8GGQJkzQaEWpx,['ヨルシカ'],チノカテ
74669,1M5W7ohpFE7H9CVQVEikj6,Горький вкус,1M5W7ohpFE7H9CVQVEikj6,['Султан Лагучев'],Горький вкус
74729,2un3eax2X0XgvF1ixBlw8O,ננה בננה,2un3eax2X0XgvF1ixBlw8O,['ענבל רז'],ננה בננה
75224,56XaEf9Mo2Njaxa9TIn5LR,少年,56XaEf9Mo2Njaxa9TIn5LR,['梦然'],少年
75302,0donbyfoyQuz1Y5N9dhkxr,いとしのエリー,0donbyfoyQuz1Y5N9dhkxr,['サザンオールスターズ'],いとしのエリー
75438,0nzTbIlYLklyyVKk58ryYc,Tholami,0nzTbIlYLklyyVKk58ryYc,['شيمي'],Tholami
75504,507jzrK1md4sHuziawZVaS,بكى واشتكى,507jzrK1md4sHuziawZVaS,['حسونوف'],بكى واشتكى
75591,4ZVIIJEvZ5n0lAkYjIa2C6,一點點,4ZVIIJEvZ5n0lAkYjIa2C6,['吳青峰'],一點點
75784,6JUngCJP0erm8Xwlu6RP1D,ลืมตา,6JUngCJP0erm8Xwlu6RP1D,['เล็ก พงษธร'],ลืมตา
75804,2Yn2TtuF8BjhDIMtiizJ8K,鄉下來的,2Yn2TtuF8BjhDIMtiizJ8K,['玖壹壹'],鄉下來的
75814,57rlBQBP5zxOKB0nIoX5k6,說我愛你的一百種方式(《與少年他》音樂合輯),57rlBQBP5zxOKB0nIoX5k6,['告五人'],說我愛你的一百種方式(《與少年他》音樂合輯)
75856,1XaKH0AVTW3BOvUg8S9Dhh,错位时空,1XaKH0AVTW3BOvUg8S9Dhh,['小玄子'],错位时空
75877,26ZI3J5U0N6roxhvudRXuP,用紙牌蓋房子,26ZI3J5U0N6roxhvudRXuP,['范安婷'],用紙牌蓋房子
75931,4Ji17AjAdjf83FsIDcXe0J,あのバンド,4Ji17AjAdjf83FsIDcXe0J,['結束バンド'],あのバンド
76073,6fPYtE9uTtOBeg15ITkHas,如果的事,6fPYtE9uTtOBeg15ITkHas,"['李佳歡', '許維芳']",如果的事
76091,6EVRPTFEzBFCGDy8w0Omow,עזבי,6EVRPTFEzBFCGDy8w0Omow,['מיה סולימן'],עזבי
76161,0fs0LBPebyalY3KOh1aUWL,運氣來得若有似無,0fs0LBPebyalY3KOh1aUWL,['告五人'],運氣來得若有似無
76362,7HwAJD7l8JhAJtlKDYBY0F,مهرجان اخرس عمك جالك ( مالك يا صاحبي احكيلي - خلوني ابقي شيطان ),7HwAJD7l8JhAJtlKDYBY0F,"['حلقولو', 'الدوجرى']",مهرجان اخرس عمك جالك ( مالك يا صاحبي احكيلي - خلوني ابقي شيطان )
76405,7dCi2bLyqKN5tIFXhxKZ3i,اتعب القلب فرقاك,7dCi2bLyqKN5tIFXhxKZ3i,['غريب ال مخلص'],اتعب القلب فرقاك
76446,1ojFTmZl4FYSOAINvPSgbu,說實話,1ojFTmZl4FYSOAINvPSgbu,['李千那'],說實話
76491,5cwOpxvHTjtx2XkI19kyXZ,巴別塔慶典,5cwOpxvHTjtx2XkI19kyXZ,['吳青峰'],巴別塔慶典
76499,3b4uoU17GYfOb3FWzuQX7t,دندن له (every body say),3b4uoU17GYfOb3FWzuQX7t,"['منصور الوايلي', 'زياد ال زاحم']",دندن له (every body say)
76517,648da0Mn8dk2SAfV35Q6Yf,عشير الروح,648da0Mn8dk2SAfV35Q6Yf,['غريب ال مخلص'],عشير الروح
76563,6nqfKM9JvQIiuAuzWZFvGW,ぎゅっと。,6nqfKM9JvQIiuAuzWZFvGW,['もさを。'],ぎゅっと。
76607,2o1Xbw3SFKgtc69C3u7ErL,תראו תראו - קאבר,2o1Xbw3SFKgtc69C3u7ErL,['נוי גבאי'],תראו תראו - קאבר
76625,2iTgD6UyursxU39izbsx4j,南方北方,2iTgD6UyursxU39izbsx4j,['康樹龍'],南方北方
76709,0aIF8XCR5hVmzN6rI7tpOv,太空人,0aIF8XCR5hVmzN6rI7tpOv,['吳青峰'],太空人
76737,4ejZ666mS45eEP8TwXp3JW,لا تجيب العيد,4ejZ666mS45eEP8TwXp3JW,['غريب ال مخلص'],لا تجيب العيد
76759,1RhItk6EjZzE0zs8S1y9VG,Кьют-рок,1RhItk6EjZzE0zs8S1y9VG,['Дора'],Кьют-рок
77032,5q5LkoyUzpD5270U7eYhee,Сердце для шалав,5q5LkoyUzpD5270U7eYhee,['Платина'],Сердце для шалав
77068,0cpsktCQ7yTvzk4oIDP8ar,мелочь,0cpsktCQ7yTvzk4oIDP8ar,['кис-кис'],мелочь
77124,3AVLsBieDGotYuo5RPEL64,真夏の果実,3AVLsBieDGotYuo5RPEL64,['サザンオールスターズ'],真夏の果実
77139,4NEt76oRzbOeJeGFmmG4nn,偷走青春的歲月,4NEt76oRzbOeJeGFmmG4nn,['李佳歡'],偷走青春的歲月
77376,2pD1Smkp93TSJy3nwsv6gn,これからのこと,2pD1Smkp93TSJy3nwsv6gn,['ケプラ'],これからのこと
77411,0yMNzxExj5hLXeZ2MypenM,Слёзы на ветер,0yMNzxExj5hLXeZ2MypenM,['Три дня дождя'],Слёзы на ветер
77423,2SybsbgCNtTWN73A6zy3ac,يخليك لي,2SybsbgCNtTWN73A6zy3ac,['بدر العزي'],يخليك لي
77431,2rTmZHTXWo9YfIRAxbdkpG,刃渡り2億センチ(TV edit),2rTmZHTXWo9YfIRAxbdkpG,['マキシマム ザ ホルモン 一部のアニメテーマ専用仮設チャンネル'],刃渡り2億センチ(TV edit)
77516,0oVrrUH4TpGhB9vjD6t0gU,Впереди,0oVrrUH4TpGhB9vjD6t0gU,['Дайте танк (!)'],Впереди
77726,5fXbJBMOQWcjPyMTQJnevE,門,5fXbJBMOQWcjPyMTQJnevE,['理想混蛋'],門
78026,3IcvYCt27COkiYPIQw0LAY,Красиво,3IcvYCt27COkiYPIQw0LAY,['Шайни'],Красиво
78155,3VFMVVKgwJR9vixKHBy5es,千分之一,3VFMVVKgwJR9vixKHBy5es,['黄鸿升 (小鬼)'],千分之一
78225,5eXXJJuejAUkggSgIINU1V,きらきら,5eXXJJuejAUkggSgIINU1V,['もさを。'],きらきら
78340,6KQz9Xgc82clHGWzGUA5xw,Социум,6KQz9Xgc82clHGWzGUA5xw,['БРЕДИШЬ'],Социум
78342,1Ih2Gt9fxzHFQd3acIz9Ns,Светофоры,1Ih2Gt9fxzHFQd3acIz9Ns,['просто Лера'],Светофоры
78455,08KiA6pZyPCGk3BbFs1Qol,НЕ ПЕРЕБИВАЙ,08KiA6pZyPCGk3BbFs1Qol,['ФОГЕЛЬ'],НЕ ПЕРЕБИВАЙ
78498,4t6xJufZtFgVb0fbjCnWNv,"無名之輩 (電視劇《親愛的, 熱愛的》主題曲)",4t6xJufZtFgVb0fbjCnWNv,['陳雪燃'],"無名之輩 (電視劇《親愛的, 熱愛的》主題曲)"
78644,797EOD68bmVFiyalgBGeOZ,左右盲,797EOD68bmVFiyalgBGeOZ,['ヨルシカ'],左右盲
78658,6la3Kme7O7D01fJPxgpAS5,訣愛 (劇集《蒼蘭訣》片頭曲),6la3Kme7O7D01fJPxgpAS5,['詹雯婷'],訣愛 (劇集《蒼蘭訣》片頭曲)
78839,4FZqUouWoxyfTg2rMsx4nX,勝手にシンドバッド,4FZqUouWoxyfTg2rMsx4nX,['サザンオールスターズ'],勝手にシンドバッド
78931,3KU7TtvrEncPnuzXkrW7Tw,Эй,3KU7TtvrEncPnuzXkrW7Tw,['Кишлак'],Эй
79143,4jLqQvRJ1DfrXw0Zz7el6e,正式開始,4jLqQvRJ1DfrXw0Zz7el6e,['陳卓賢'],正式開始
79238,6f4o4DcuonNKA9rLm3KrQQ,Зависал,6f4o4DcuonNKA9rLm3KrQQ,['Вектор А'],Зависал
79325,0qe4Cy63BXu37y6qEQuRPG,愛在夏天,0qe4Cy63BXu37y6qEQuRPG,['告五人'],愛在夏天
79360,3xXVTRfyS5c5vWABPnJe9O,都是我的錯,3xXVTRfyS5c5vWABPnJe9O,['蕭秉治'],都是我的錯
79472,4zeWMMCA83HtECM88ubzeO,只有妳,4zeWMMCA83HtECM88ubzeO,['崔始源'],只有妳
79813,360KQP084CRSsoOUOsbY4l,شفتها وعقلي راسي طار ريمكس (ديجي احمد ماكس),360KQP084CRSsoOUOsbY4l,['أحمد ماكس'],شفتها وعقلي راسي طار ريمكس (ديجي احمد ماكس)
79815,1ji3cJU0sobtsiNEZRvNVz,Bad example,1ji3cJU0sobtsiNEZRvNVz,['たかやん'],Bad example
79825,2c1LybaNhIwsNVNrr4wjLG,Официантка,2c1LybaNhIwsNVNrr4wjLG,['Папин Олимпос'],Официантка
79921,1soA875IfxByYbtqBgBIFe,青鳥,1soA875IfxByYbtqBgBIFe,['黃浩琳'],青鳥
79991,39Rl6TJ0VxlwR9UmeZgod0,拆,39Rl6TJ0VxlwR9UmeZgod0,['張三李四'],拆
80068,2Qa0D74t6TRRRy3eXbxxKh,那些失眠的夜與難以忘懷的事,2Qa0D74t6TRRRy3eXbxxKh,['老王樂隊'],那些失眠的夜與難以忘懷的事
80193,7fAQzk700MNDzRbxbQ8GKm,أغلى بشر,7fAQzk700MNDzRbxbQ8GKm,['غريب ال مخلص'],أغلى بشر
80289,4atxEOFzjjpGhXGNCgn3bi,山风,4atxEOFzjjpGhXGNCgn3bi,['阿冗'],山风
80373,5F00O9CiGm2ypY18sRafTF,ذكريات,5F00O9CiGm2ypY18sRafTF,['بدر العزي'],ذكريات
80424,54dwA6TnD2HHIFuZ5qiQoS,瑕疵,54dwA6TnD2HHIFuZ5qiQoS,['麥浚龍 & 莫文蔚'],瑕疵
80428,4dpVRjptqJItrYefCRoUGY,Turn口罩,4dpVRjptqJItrYefCRoUGY,['謝金燕'],Turn口罩
80439,601KcxSNMqd8L3Tenqqea3,ضيعت عليه العمر يابويا,601KcxSNMqd8L3Tenqqea3,['محمد مولود'],ضيعت عليه العمر يابويا
80459,17rhDgnYYryQU4uS71ZxFu,ギターと孤独と蒼い惑星,17rhDgnYYryQU4uS71ZxFu,['結束バンド'],ギターと孤独と蒼い惑星
80475,2hTwzEEN5XJGJzKjOYLbYa,Я з україни,2hTwzEEN5XJGJzKjOYLbYa,['Мері'],Я з україни
80502,2eIyuIR8kW5ZJBeCWE0ISI,Болка в минути,2eIyuIR8kW5ZJBeCWE0ISI,['Константин'],Болка в минути
80515,3Ka2CKrYqWCEhAeSRRLHfp,عشرة الكذاب,3Ka2CKrYqWCEhAeSRRLHfp,['عبدالله المخلص'],عشرة الكذاب
80519,3rHrXOocY0wrgqLjpZITJv,البعد موتي,3rHrXOocY0wrgqLjpZITJv,['غريب ال مخلص'],البعد موتي
80573,4J68vh6BnaXLPY3uAQfDOk,يا كنترول,4J68vh6BnaXLPY3uAQfDOk,['معاذ الحربي'],يا كنترول
80576,0CZB07xMxIGRfCZT93ynFj,海のリビング,0CZB07xMxIGRfCZT93ynFj,['鈴木鈴木'],海のリビング
80619,0Ot69EEAbZaZohRSYYu0I7,Венера-Юпитер,0Ot69EEAbZaZohRSYYu0I7,['Ваня Дмитриенко'],Венера-Юпитер
80726,5dCF6EgpvNxC7AQqxDEzzW,2+1=1,5dCF6EgpvNxC7AQqxDEzzW,['李靖筠'],2+1=1
81196,4MZTAHI8njlHjrwDK1iKBN,愛一個人,4MZTAHI8njlHjrwDK1iKBN,['葉秉桓'],愛一個人
81205,2OMMcJPR9vqnDd2RqRh0G0,高攀愛 (合唱版) [電影《我的筍盤男友》主題曲],2OMMcJPR9vqnDd2RqRh0G0,"['李靖筠', '陳家樂']",高攀愛 (合唱版) [電影《我的筍盤男友》主題曲]
81509,4PoNE0rmLQBlZBqCRliQzf,前任,4PoNE0rmLQBlZBqCRliQzf,"['采子', '黃偉晉']",前任
81550,2BuT8Njor0vbZul2TfCoSP,WARLORD,2BuT8Njor0vbZul2TfCoSP,['Джизус'],WARLORD
81579,1VsTU8dAwcHXzzv3MEQwfi,لبى العرب ياعرب,1VsTU8dAwcHXzzv3MEQwfi,['غريب ال مخلص'],لبى العرب ياعرب
81643,2RYRnaB7ekhnBpRFl3nZdG,ヘビースモーク,2RYRnaB7ekhnBpRFl3nZdG,['にしな'],ヘビースモーク
81672,79SZZGDTRpaPXVWlAsTt9C,In the Wind - เพลงประกอบซีรีส์ F4 Thailand : หัวใจรักสี่ดวงดาว BOYS OVER FLOWERS,79SZZGDTRpaPXVWlAsTt9C,['ดิว จิรวรรตน์'],In the Wind - เพลงประกอบซีรีส์ F4 Thailand : หัวใจรักสี่ดวงดาว BOYS OVER FLOWERS
81723,2HKExvYvJMad0dvNIQzjAV,你說,2HKExvYvJMad0dvNIQzjAV,['詹雯婷'],你說
82317,1FlpplhWTy9ggovOGVTJ6K,續寫 - 電視劇《一生一世》主題曲,1FlpplhWTy9ggovOGVTJ6K,['單依純'],續寫 - 電視劇《一生一世》主題曲
82355,1juAqcNtCrQJAj7fuj08wS,Где ты,1juAqcNtCrQJAj7fuj08wS,['Три дня дождя'],Где ты
82403,281YlzaPmT5kwGa1RVCK6q,ТАРАНТИНО,281YlzaPmT5kwGa1RVCK6q,['ЯМАУГЛИ'],ТАРАНТИНО
82427,6Q2x9rOR5Guh3Uk76bBjTR,عراقي حزيننن__ اصعب جرح ياناس جرح الخيانه_ #شيله_صنديد_الرجال مطلوب اكثر شي,6Q2x9rOR5Guh3Uk76bBjTR,['ترند'],عراقي حزيننن__ اصعب جرح ياناس جرح الخيانه_ #شيله_صنديد_الرجال مطلوب اكثر شي
82474,2bYP16tjYjMI4fbTegLwXX,Әндетемін,2bYP16tjYjMI4fbTegLwXX,['Жугунусов Мирас'],Әндетемін
82537,2mhmmHUbdoomgq16IYcjvW,月亮不代表我的心,2mhmmHUbdoomgq16IYcjvW,['梁釗峰'],月亮不代表我的心
82648,35thf0lfd7ZBwHOwRDhln6,有無 (片尾曲),35thf0lfd7ZBwHOwRDhln6,['林生祥'],有無 (片尾曲)
82745,0XEEIG7IVzJUdkCg6taS9d,一念之間,0XEEIG7IVzJUdkCg6taS9d,['告五人'],一念之間
82989,5VEJwBp4UfDuWBvQIDmmlY,Не твоя війна,5VEJwBp4UfDuWBvQIDmmlY,['Вакарчук'],Не твоя війна
83337,6vWNSzw3Ch9o4P5UKpxnab,幻象,6vWNSzw3Ch9o4P5UKpxnab,['石山街'],幻象
83346,51o0ZOrrgpidbSYXlA0WCT,在凌晨睡著的自己,51o0ZOrrgpidbSYXlA0WCT,['告五人'],在凌晨睡著的自己
83348,1NVyrOAoq5N07oBRgf4Q0R,Ten Years Later - เพลงประกอบภาพยนตร์ เพราะเราคู่กัน The Movie,1NVyrOAoq5N07oBRgf4Q0R,['วิน เมธวิน'],Ten Years Later - เพลงประกอบภาพยนตร์ เพราะเราคู่กัน The Movie
83515,7lXQEJTUzFPeuuDtB2NpkA,Till We Fall in Love,7lXQEJTUzFPeuuDtB2NpkA,['颜人中'],Till We Fall in Love
83560,58u27MnCiFj2ypShrtPqyJ,תפתחי חלון,58u27MnCiFj2ypShrtPqyJ,['אליאב זוהר'],תפתחי חלון
83767,4mTPviBGRgjPxeaQFnBDW3,Дорадура,4mTPviBGRgjPxeaQFnBDW3,['Дора'],Дорадура
83782,3DgVCYvou4tN3aY7xDSPBc,三分鐘情歌,3DgVCYvou4tN3aY7xDSPBc,['脫拉庫'],三分鐘情歌
83876,1pa3HLcst2XUYkJzz59LKG,東京マーブル,1pa3HLcst2XUYkJzz59LKG,['にしな'],東京マーブル
83882,034BqEUIVYlkjTZU4CRT9y,冬のプレゼント,034BqEUIVYlkjTZU4CRT9y,['もさを。'],冬のプレゼント
83956,5Rrn7VUOFMyYK5Gy7cA4AK,ฉันสัญญาจะไม่ร้องไห้ (ดวงดาวที่โหดร้าย),5Rrn7VUOFMyYK5Gy7cA4AK,['เรนิษรา'],ฉันสัญญาจะไม่ร้องไห้ (ดวงดาวที่โหดร้าย)
84074,4ZKZfp0xkBpdw0j0oPreYG,استر جروحي,4ZKZfp0xkBpdw0j0oPreYG,['بدر العزي'],استر جروحي
84340,5hxOo9pCGL5lYvLP5dMy9y,Бандана,5hxOo9pCGL5lYvLP5dMy9y,['Платина'],Бандана
84363,1BEPGsmPs3ZQplZivTJlBa,ها ها هاا قفلو باب المشاريه - Extended Version,1BEPGsmPs3ZQplZivTJlBa,"['موسم الرياض', 'موضي']",ها ها هاا قفلو باب المشاريه - Extended Version
84506,3w2kf0IvQkAI1BmzZ7tHaP,يا كنترول سجل لنا أقوى دخول,3w2kf0IvQkAI1BmzZ7tHaP,['معاذ الحربي'],يا كنترول سجل لنا أقوى دخول
84906,1DoZW3JKA1rXYtDOJYbVcR,短暫的愛過我,1DoZW3JKA1rXYtDOJYbVcR,['陳華'],短暫的愛過我
85040,6jlQYKJk8aGs9pvh3LVdb3,Бумажный дом,6jlQYKJk8aGs9pvh3LVdb3,['МОТ'],Бумажный дом
85092,3iYlJhDvBItb5oEsPtLmFP,相愛恨晚 - 電視劇《檸檬初上》插曲,3iYlJhDvBItb5oEsPtLmFP,['張磊'],相愛恨晚 - 電視劇《檸檬初上》插曲
85094,2rmsL9k7LneLszZFBo1H6f,終點起點,2rmsL9k7LneLszZFBo1H6f,['魚丁糸'],終點起點
85109,1Pi41KXpPCZVf3Kk7ayMNo,9453,1Pi41KXpPCZVf3Kk7ayMNo,['玖壹壹'],9453
85363,70qbqCW6z92WESMZC1opsd,Нервы,70qbqCW6z92WESMZC1opsd,['Нервы'],Нервы
85498,71bo4NhOiTL23bIQwvSF32,Минимум,71bo4NhOiTL23bIQwvSF32,"['Ямаджи', 'Фейджи']",Минимум
85508,7gYKASXibOLyet8JTBJOO2,是你,7gYKASXibOLyet8JTBJOO2,['梦然'],是你
85579,7j6eSKC2Hv3lcElPyR1bP3,баночка с окурками,7j6eSKC2Hv3lcElPyR1bP3,['КОСМОНАВТОВ НЕТ'],баночка с окурками
85583,2kR9jxjX7j6wuHc3eaJhCq,جرح الخيانة,2kR9jxjX7j6wuHc3eaJhCq,['سجاد حقي'],جرح الخيانة
85682,6ezX8VMsXTxNi628n6O9Tj,Я тебя люблю,6ezX8VMsXTxNi628n6O9Tj,['Где Фантом?'],Я тебя люблю
85717,3hD6z4YbJk64kN3v3N47hr,未来図,3hD6z4YbJk64kN3v3N47hr,['マルシィ'],未来図
85724,6dyxUD4cyRusKAzBOvBeUV,我的路,6dyxUD4cyRusKAzBOvBeUV,['玖壹壹'],我的路
85751,5rY7xc2h5Imj6iFn97h8Qj,勇气,5rY7xc2h5Imj6iFn97h8Qj,['棉子'],勇气
85829,1erzbICeyyJqoZ4UzZiTEX,ساكت على الجرح,1erzbICeyyJqoZ4UzZiTEX,['غريب ال مخلص'],ساكت على الجرح
85945,3Wnba0vkxR4nmXbaRF9foE,化け猫 - Leaks From His Laptop,3Wnba0vkxR4nmXbaRF9foE,['キタニタツヤ'],化け猫 - Leaks From His Laptop
85986,00ZFbk7oYrtx8nup5y58BO,Ванька-Встанька,00ZFbk7oYrtx8nup5y58BO,['Маша Кондратенко'],Ванька-Встанька
86190,6vcl5gHFcDmGnioPoHBxER,處處遺憾,6vcl5gHFcDmGnioPoHBxER,['颜人中'],處處遺憾
86380,6pFxVcn6T4BdP8mfZpTQHZ,想和你看五月的晚霞,6pFxVcn6T4BdP8mfZpTQHZ,['陳華'],想和你看五月的晚霞
86381,1f97blysH2T3QfH4qyaCq3,在你和天空之間,1f97blysH2T3QfH4qyaCq3,['趙之璧'],在你和天空之間
86390,7l0mEEKB8oCEDC2SHpfYyL,紫外線,7l0mEEKB8oCEDC2SHpfYyL,['蔡詩蕓'],紫外線
86609,5XApCrSTIAPapBPT1Vo4SZ,藍二乗,5XApCrSTIAPapBPT1Vo4SZ,['ヨルシカ'],藍二乗
86686,2WwGSn1idafr0euRwVTUeJ,手首からマンゴー,2WwGSn1idafr0euRwVTUeJ,['たかやん'],手首からマンゴー
86968,4vNQ1EfgVDbwxnsHdBl7Io,不敢聽的歌,4vNQ1EfgVDbwxnsHdBl7Io,['李千那'],不敢聽的歌
87038,7rIwDvcfedU6IfqIcweezM,錯過,7rIwDvcfedU6IfqIcweezM,['李佳歡'],錯過
87389,0YHlIu1OprFA3h2XQJ0J2t,查某囡仔,0YHlIu1OprFA3h2XQJ0J2t,['李千那'],查某囡仔
87548,5x3XaPGYiBcGQjHKDbZUQJ,眼淚博物館,5x3XaPGYiBcGQjHKDbZUQJ,['鄭興'],眼淚博物館
87599,09hpKZJxqSY7x2eDZKIuvI,你留給我的遺憾無以名狀,09hpKZJxqSY7x2eDZKIuvI,['理想混蛋 雞丁'],你留給我的遺憾無以名狀
87605,5unp38EvMBSGhyJAy6ULtL,We are young,5unp38EvMBSGhyJAy6ULtL,['李玉璽'],We are young
87673,5RiVVtlpodfsslwhENIyCP,игрушка,5RiVVtlpodfsslwhENIyCP,['кис-кис'],игрушка
87992,2Ifn0MXm7x9ddBQPUabV9a,なにが悪い,2Ifn0MXm7x9ddBQPUabV9a,['結束バンド'],なにが悪い
88059,15zvOBuL1QbkL7bvudg2p5,แก้มน้องนางนั้นแดงกว่าใคร,15zvOBuL1QbkL7bvudg2p5,['เขียนไขและวานิช'],แก้มน้องนางนั้นแดงกว่าใคร
88120,11EG8OCCFflxDVkVXQF2p7,Проси пробачення,11EG8OCCFflxDVkVXQF2p7,['анастимоза'],Проси пробачення
88143,0QOBcIXo19VdwyRLe8GJho,غصب علينا,0QOBcIXo19VdwyRLe8GJho,['شبل الدواسر'],غصب علينا
88287,2QLzS7wXcelJaUZ5LdzmUk,好きにさせた癖に,2QLzS7wXcelJaUZ5LdzmUk,['あれくん'],好きにさせた癖に
88431,4tXqq3e40TbVHZFZvomeR0,甜美的繩索,4tXqq3e40TbVHZFZvomeR0,['李千那'],甜美的繩索
88471,55uGHTILUlOWvBkCHfJQmh,لحن الفراق,55uGHTILUlOWvBkCHfJQmh,['غريب ال مخلص'],لحن الفراق
88521,3q1M6KKkQdeahPrtYxNerS,相逢何必曾相識,3q1M6KKkQdeahPrtYxNerS,"['蔣志光', '韋綺珊']",相逢何必曾相識
88531,1aOTZY5e5thviRemCX3P1b,她的故事,1aOTZY5e5thviRemCX3P1b,['汪睿'],她的故事
89074,539tTfqhEpS2At6iU31Bg0,台北紐約,539tTfqhEpS2At6iU31Bg0,['馬念先'],台北紐約
89081,3HsnBF6hjDAuYwhHJgnBEu,ท็อปในรุ่น,3HsnBF6hjDAuYwhHJgnBEu,['ฮันเตอร์'],ท็อปในรุ่น
89126,788k2DZ6B4b3GDMRnxrGYi,МАЛЬЧИК,788k2DZ6B4b3GDMRnxrGYi,['ФОГЕЛЬ'],МАЛЬЧИК
89343,1yrQI5Ycgi7xU9P4i98NXL,Отпускай,1yrQI5Ycgi7xU9P4i98NXL,['Три дня дождя'],Отпускай
89416,6KCEL11alMnIccqpRBrrN1,会いたい,6KCEL11alMnIccqpRBrrN1,['もさを。'],会いたい
89847,5WQAussByRFjUWYQDowtHE,スカー,5WQAussByRFjUWYQDowtHE,['キタニタツヤ'],スカー
89999,22jikE8F9Ijg5B7dtLHjU0,在錯誤的宇宙尋找愛,22jikE8F9Ijg5B7dtLHjU0,['陳健安'],在錯誤的宇宙尋找愛
90013,5a6wqVqrV0yjsziNl4q8Gi,Самый лучший день,5a6wqVqrV0yjsziNl4q8Gi,['Кишлак'],Самый лучший день
90065,579bEWuP9oBb3ddKgiOk86,當你說了再見以後 - 戲劇<美男魚澡堂>片尾曲,579bEWuP9oBb3ddKgiOk86,['林凡'],當你說了再見以後 - 戲劇<美男魚澡堂>片尾曲
90086,0Eh0C7rpC5E0sPy4OcLdsq,我就想你,0Eh0C7rpC5E0sPy4OcLdsq,['理想混蛋'],我就想你
90177,0BcDe0azCqMFU4kAXvUqqk,不想結束,0BcDe0azCqMFU4kAXvUqqk,['吳亦帆'],不想結束
90459,6OcgN2pjYC6ux5g4DrNbCX,последняя песня про школу,6OcgN2pjYC6ux5g4DrNbCX,['алёна швец.'],последняя песня про школу
90855,3dIu02gSTWB0kvYah9zXnN,машина для убийств,3dIu02gSTWB0kvYah9zXnN,['алёна швец.'],машина для убийств
91072,7rAoL9jSNc3MgG46GqLIHX,Я боюсь людей,7rAoL9jSNc3MgG46GqLIHX,['Дора'],Я боюсь людей
91152,6V1THrNJrzNnPjKJwg4WfZ,Санта Клаус,6V1THrNJrzNnPjKJwg4WfZ,['Платина'],Санта Клаус
91154,5ISHFvPLUqKz2JfDRtwnb2,忘れてやらない,5ISHFvPLUqKz2JfDRtwnb2,['結束バンド'],忘れてやらない
91204,4DpmRTZZD8DJmU9W1X31nq,Генг,4DpmRTZZD8DJmU9W1X31nq,['Платина'],Генг
91292,2tSOz2c3qqs8jOdlyMvHww,мальчик,2tSOz2c3qqs8jOdlyMvHww,['кис-кис'],мальчик
91296,5l95JyvZqYz9tEzJOkjYiH,попушиш курчину,5l95JyvZqYz9tEzJOkjYiH,['ぶだれ'],попушиш курчину
91378,2MK1cGZzVDzNnwbniMmDrJ,春天不如預期,2MK1cGZzVDzNnwbniMmDrJ,['老王樂隊'],春天不如預期
91404,0upiMcFbQHH51etgz4xK0l,四季予你,0upiMcFbQHH51etgz4xK0l,['程響'],四季予你
91561,4rGmfL85pgfnInGd7TWGoN,称职,4rGmfL85pgfnInGd7TWGoN,['李佳歡'],称职
91633,50Wrd6C3JeMMRgy3mJEN0d,Эй,50Wrd6C3JeMMRgy3mJEN0d,['Кишлак'],Эй
91756,4GRYUnrPB4rfQLhiO29cEW,法國片,4GRYUnrPB4rfQLhiO29cEW,['輕晨電'],法國片
91764,7FB375pwhrKOrIXoaQQbRY,وافي في حبك,7FB375pwhrKOrIXoaQQbRY,['عبدالله ال فروان'],وافي في حبك
91919,3jqP3Dcfc2CgqktXt7V27B,一首唱不紅的歌,3jqP3Dcfc2CgqktXt7V27B,['張傑'],一首唱不紅的歌
91920,0frY8aHUcvYPgW1d44lLav,ピアノソナタ第8番「悲愴」 第3楽章,0frY8aHUcvYPgW1d44lLav,['井谷俊二'],ピアノソナタ第8番「悲愴」 第3楽章
92015,0Nm79UWy3P9dQ6MmMkOQsf,Она не твоя,0Nm79UWy3P9dQ6MmMkOQsf,['МОТ'],Она не твоя
92059,4U0DuUjKUOnRLrY7iBQ3kU,وفر الأعذار,4U0DuUjKUOnRLrY7iBQ3kU,['فرقة أبناء المزاريع الحربية'],وفر الأعذار
92060,534CTO8v2KnPNSMJ0jI3W3,センチメンタル・キス - Acoustic ver.,534CTO8v2KnPNSMJ0jI3W3,['汐れいら'],センチメンタル・キス - Acoustic ver.
92074,2rGYOROrhTZ8w6miUQHcUc,寶貝兒,2rGYOROrhTZ8w6miUQHcUc,['吳青峰'],寶貝兒
92106,5VUVf5tMTfL8UwdOmiRxqJ,下一束光,5VUVf5tMTfL8UwdOmiRxqJ,['吳林峰'],下一束光
92171,0fFPF89LHrD2ziMbeLSxXy,心に穴が空いた,0fFPF89LHrD2ziMbeLSxXy,['ヨルシカ'],心に穴が空いた
92182,3kRfAMotUWqRfPj5HLIn7m,Втомився,3kRfAMotUWqRfPj5HLIn7m,['Нервы'],Втомився
92201,42p94sdDTSKGCoLUssuJme,Сидативи,42p94sdDTSKGCoLUssuJme,['СТРУКТУРА ЩАСТЯ'],Сидативи
92227,1ErDc15FVabBqxwgCCFfBa,打鐵,1ErDc15FVabBqxwgCCFfBa,['玖壹壹'],打鐵
92711,4wUcJ3F5u60aviAVfh9QLI,孤味 - 孤味電影主題曲,4wUcJ3F5u60aviAVfh9QLI,['于子育'],孤味 - 孤味電影主題曲
92728,0gzzxl6BI8WSwJNGgUNV3D,歌頌者,0gzzxl6BI8WSwJNGgUNV3D,['吳青峰'],歌頌者
92756,7lRCvofuqk5YZinCcxiYXK,雨とカプチーノ,7lRCvofuqk5YZinCcxiYXK,['ヨルシカ'],雨とカプチーノ
92856,0cXmD7OpJfjmKP7zlrMQHS,спать с тобой,0cXmD7OpJfjmKP7zlrMQHS,['хочуспать'],спать с тобой
92944,2mJfqM5fj5lJNcepZlPKrW,مهرجان اربع حيطان,2mJfqM5fj5lJNcepZlPKrW,"['فيلو', 'مسلم']",مهرجان اربع حيطان
93112,1GlvmsbhciFeavqvFm0n67,空想夜車,1GlvmsbhciFeavqvFm0n67,['潘裕文'],空想夜車
93160,0nrsjQzpO68cDqGwgeLw2q,Кожаные штаны,0nrsjQzpO68cDqGwgeLw2q,['Фикс'],Кожаные штаны
93633,07OqHFlvFm7rSx5bqgCUpP,Кобра,07OqHFlvFm7rSx5bqgCUpP,['Китана'],Кобра
93796,2MpaZJt2HzeMVjV1BefEQn,راح ونساني,2MpaZJt2HzeMVjV1BefEQn,['غريب ال مخلص'],راح ونساني
93881,6YhkGoVGORRi9s9F9Sky8F,同樣一個你,6YhkGoVGORRi9s9F9Sky8F,['告五人'],同樣一個你
94020,4stWOQpaEynPUlVAb4Jtw9,Тп на аме,4stWOQpaEynPUlVAb4Jtw9,['СЕРЕГА ПИРАТ'],Тп на аме
94025,7mrgGXYhv8hBL8QsKqec0n,你還好嗎?,7mrgGXYhv8hBL8QsKqec0n,['葉良俊'],你還好嗎?
94119,26G8FKUNpuMXoj5aptV5a1,陪我寂寞,26G8FKUNpuMXoj5aptV5a1,['颜人中'],陪我寂寞
94136,6fqGd6ImuBi4yTUMhXhNG1,In Family We Trust,6fqGd6ImuBi4yTUMhXhNG1,['เทิดศักดิ์ จันทร์ปาน'],In Family We Trust
94309,17sYouUdFm019wFMYEV8Ut,شيلة باشة الغيد,17sYouUdFm019wFMYEV8Ut,['احمد الرجعان'],شيلة باشة الغيد
94433,2NXddF7ncQUPslY79aqojN,給你/妳,2NXddF7ncQUPslY79aqojN,['柯智棠'],給你/妳
94531,2uNHNnp1423TjUOUzP2c5W,愛的主旋律,2uNHNnp1423TjUOUzP2c5W,['卓文萱'],愛的主旋律
94632,1J707Wskr4x6JO9QwhiCm4,我睡不著,1J707Wskr4x6JO9QwhiCm4,['守夜人'],我睡不著
94787,4cQcxj5mQ04SXEVnONBmRj,突然好想你 live in the sky,4cQcxj5mQ04SXEVnONBmRj,"['五月天, 李榮浩, 蕭敬騰 & 毛不易']",突然好想你 live in the sky
95029,3g5dNErOJH15JteFy8gHld,帶我去找夜生活,3g5dNErOJH15JteFy8gHld,['告五人'],帶我去找夜生活
95298,2PYDidlZa9pKdgaWeyztAt,何必記念,2PYDidlZa9pKdgaWeyztAt,['小球(莊鵑瑛)'],何必記念
95391,2COMwo1xndfNLKut0jbSVN,冰川消失那天Lost Glacier,2COMwo1xndfNLKut0jbSVN,['張哲瀚'],冰川消失那天Lost Glacier
95489,17nGlGRqEDGBNxF6rhBVmu,窗 (电视剧《扶摇》人物主题曲暨片尾曲),17nGlGRqEDGBNxF6rhBVmu,['吳青峰'],窗 (电视剧《扶摇》人物主题曲暨片尾曲)
95654,76aSoQFJJjj43QJizB0Cvr,夢的解析,76aSoQFJJjj43QJizB0Cvr,['陳惠婷'],夢的解析
95791,2KNLhoMNOSIdMNfVeOJo7l,彩蛋,2KNLhoMNOSIdMNfVeOJo7l,['張三李四'],彩蛋
